title,link,mountain,upload_to,운해 여부,애매한 사진,운해여부,Unnamed: 5
야간에 운해를 볼줄몰랐습니다,https://cafe.naver.com/windstopper/ArticleRead.nhn?clubid=10765317&page=1&userDisplay=50&inCafeSearch=true&searchBy=1&query=%EC%9A%B4%ED%95%B4&includeAll=&exclude=&include=&exact=&searchdate=all&media=1&sortBy=date&articleid=238630&referrerAllArticles=true,[‘계양산’],2023.04.20.,1.0,1.0,,
"장터목대피소에서...2 (일몰, 운해 동영상 첨부)",https://cafe.naver.com/windstopper/ArticleRead.nhn?clubid=10765317&page=1&userDisplay=50&inCafeSearch=true&searchBy=1&query=%EC%9A%B4%ED%95%B4&includeAll=&exclude=&include=&exact=&searchdate=all&media=1&sortBy=date&articleid=216222&referrerAllArticles=true,[‘장터목대피소'],2023.01.15.,1.0,1.0,,
지리산 일몰과 일출 그리고 은하수,https://cafe.naver.com/windstopper/ArticleRead.nhn?clubid=10765317&page=1&userDisplay=50&inCafeSearch=true&searchBy=1&query=%EC%9D%BC%EC%B6%9C&includeAll=&exclude=&include=&exact=&searchdate=all&media=1&sortBy=date&articleid=241583&referrerAllArticles=true,['지리산'],2023.05.06.,1.0,1.0,,
금산일출 및 설흘산,https://cafe.naver.com/windstopper/ArticleRead.nhn?clubid=10765317&page=1&userDisplay=50&inCafeSearch=true&searchBy=1&query=%EC%9D%BC%EC%B6%9C&includeAll=&exclude=&include=&exact=&searchdate=all&media=1&sortBy=date&articleid=240967&referrerAllArticles=true,"['금산', '설흘산']",2023.04.30.,0.0,1.0,,
대둔산 일출산행,https://cafe.naver.com/windstopper/ArticleRead.nhn?clubid=10765317&page=2&userDisplay=50&inCafeSearch=true&searchBy=1&query=%EC%9D%BC%EC%B6%9C&includeAll=&exclude=&include=&exact=&searchdate=all&media=1&sortBy=date&articleid=231831&referrerAllArticles=true,"['대둔산', '일출산']",2023.03.19.,,1.0,,
지리산의 일출,https://cafe.naver.com/windstopper/ArticleRead.nhn?clubid=10765317&page=2&userDisplay=50&inCafeSearch=true&searchBy=1&query=%EC%9D%BC%EC%B6%9C&includeAll=&exclude=&include=&exact=&searchdate=all&media=1&sortBy=date&articleid=230835&referrerAllArticles=true,['지리산'],2023.03.14.,0.0,1.0,,
3.11 천마산 일출,https://cafe.naver.com/windstopper/ArticleRead.nhn?clubid=10765317&page=2&userDisplay=50&inCafeSearch=true&searchBy=1&query=%EC%9D%BC%EC%B6%9C&includeAll=&exclude=&include=&exact=&searchdate=all&media=1&sortBy=date&articleid=230103&referrerAllArticles=true,['천마산'],2023.03.11.,1.0,1.0,,
일출의 순간~~조용히 좀 있으면 않되는 걸까요^^,https://cafe.naver.com/windstopper/ArticleRead.nhn?clubid=10765317&page=2&userDisplay=50&inCafeSearch=true&searchBy=1&query=%EC%9D%BC%EC%B6%9C&includeAll=&exclude=&include=&exact=&searchdate=all&media=1&sortBy=date&articleid=229750&referrerAllArticles=true,[‘천왕봉'],2023.03.07.,,1.0,,
지리그레이트 일출 성공 (랩 보리 산행후기),https://cafe.naver.com/windstopper/ArticleRead.nhn?clubid=10765317&page=3&userDisplay=50&inCafeSearch=true&searchBy=1&query=%EC%9D%BC%EC%B6%9C&includeAll=&exclude=&include=&exact=&searchdate=all&media=1&sortBy=date&articleid=228860&referrerAllArticles=true,[‘지리산'],2023.03.06.,,1.0,,
홍성 용봉산 일출산행^^,https://cafe.naver.com/windstopper/ArticleRead.nhn?clubid=10765317&page=3&userDisplay=50&inCafeSearch=true&searchBy=1&query=%EC%9D%BC%EC%B6%9C&includeAll=&exclude=&include=&exact=&searchdate=all&media=1&sortBy=date&articleid=224210&referrerAllArticles=true,"['용봉산', '일출산']",2023.02.14.,,1.0,,
오늘 북한산 문수봉 일출,https://cafe.naver.com/windstopper/ArticleRead.nhn?clubid=10765317&page=3&userDisplay=50&inCafeSearch=true&searchBy=1&query=%EC%9D%BC%EC%B6%9C&includeAll=&exclude=&include=&exact=&searchdate=all&media=1&sortBy=date&articleid=224152&referrerAllArticles=true,['북한산'],2023.02.14.,,1.0,,
함께 올라 좋았던 가야산 일출산행,https://cafe.naver.com/windstopper/ArticleRead.nhn?clubid=10765317&page=3&userDisplay=50&inCafeSearch=true&searchBy=1&query=%EC%9D%BC%EC%B6%9C&includeAll=&exclude=&include=&exact=&searchdate=all&media=1&sortBy=date&articleid=224118&referrerAllArticles=true,"['가야산', '일출산']",2023.02.14.,,1.0,,
2/12 지리산 일출,https://cafe.naver.com/windstopper/ArticleRead.nhn?clubid=10765317&page=3&userDisplay=50&inCafeSearch=true&searchBy=1&query=%EC%9D%BC%EC%B6%9C&includeAll=&exclude=&include=&exact=&searchdate=all&media=1&sortBy=date&articleid=223694&referrerAllArticles=true,['지리산'],2023.02.12.,,1.0,,
"태백산 일출, 발왕산 일몰 산행",https://cafe.naver.com/windstopper/ArticleRead.nhn?clubid=10765317&page=3&userDisplay=50&inCafeSearch=true&searchBy=1&query=%EC%9D%BC%EC%B6%9C&includeAll=&exclude=&include=&exact=&searchdate=all&media=1&sortBy=date&articleid=223655&referrerAllArticles=true,"['태백산', '발왕산']",2023.02.12.,,1.0,,
모악산 일출산행,https://cafe.naver.com/windstopper/ArticleRead.nhn?clubid=10765317&page=3&userDisplay=50&inCafeSearch=true&searchBy=1&query=%EC%9D%BC%EC%B6%9C&includeAll=&exclude=&include=&exact=&searchdate=all&media=1&sortBy=date&articleid=223622&referrerAllArticles=true,"['모악산', '일출산']",2023.02.12.,,1.0,,
"어제는 백운대 일출, 오늘은 서해바다 일몰입니다.^^",https://cafe.naver.com/windstopper/ArticleRead.nhn?clubid=10765317&page=4&userDisplay=50&inCafeSearch=true&searchBy=1&query=%EC%9D%BC%EC%B6%9C&includeAll=&exclude=&include=&exact=&searchdate=all&media=1&sortBy=date&articleid=217992&referrerAllArticles=true,[‘백운대’],2023.01.21.,0.0,1.0,,
23.1.1 금정산 등린이 일출산행?,https://cafe.naver.com/windstopper/ArticleRead.nhn?clubid=10765317&page=5&userDisplay=50&inCafeSearch=true&searchBy=1&query=%EC%9D%BC%EC%B6%9C&includeAll=&exclude=&include=&exact=&searchdate=all&media=1&sortBy=date&articleid=213291&referrerAllArticles=true,"['금정산', '일출산']",2023.01.01.,0.0,1.0,,
설악산 일출산행,https://cafe.naver.com/windstopper/ArticleRead.nhn?clubid=10765317&page=5&userDisplay=50&inCafeSearch=true&searchBy=1&query=%EC%9D%BC%EC%B6%9C&includeAll=&exclude=&include=&exact=&searchdate=all&media=1&sortBy=date&articleid=212726&referrerAllArticles=true,"['설악산', '일출산']",2023.01.01.,1.0,1.0,,
지리산 천왕봉 새해 일출입니다,https://cafe.naver.com/windstopper/ArticleRead.nhn?clubid=10765317&page=6&userDisplay=50&inCafeSearch=true&searchBy=1&query=%EC%9D%BC%EC%B6%9C&includeAll=&exclude=&include=&exact=&searchdate=all&media=1&sortBy=date&articleid=212634&referrerAllArticles=true,['지리산'],2023.01.01.,1.0,1.0,,
장장 5시간을 달려 내려간 월출산의 웅장한 일출과 순백 상고대의 향연,https://cafe.naver.com/windstopper/ArticleRead.nhn?clubid=10765317&page=6&userDisplay=50&inCafeSearch=true&searchBy=1&query=%EC%9D%BC%EC%B6%9C&includeAll=&exclude=&include=&exact=&searchdate=all&media=1&sortBy=date&articleid=211781&referrerAllArticles=true,['월출산'],2022.12.29.,1.0,1.0,,
지리산 천왕봉 일출산행(장터목1박),https://cafe.naver.com/windstopper/ArticleRead.nhn?clubid=10765317&page=8&userDisplay=50&inCafeSearch=true&searchBy=1&query=%EC%9D%BC%EC%B6%9C&includeAll=&exclude=&include=&exact=&searchdate=all&media=1&sortBy=date&articleid=201231&referrerAllArticles=true,"['지리산', '일출산']",2022.11.15.,1.0,1.0,,
계룡산 수통골 일출보고 왔어요.,https://cafe.naver.com/windstopper/ArticleRead.nhn?clubid=10765317&page=10&userDisplay=50&inCafeSearch=true&searchBy=1&query=%EC%9D%BC%EC%B6%9C&includeAll=&exclude=&include=&exact=&searchdate=all&media=1&sortBy=date&articleid=190519&referrerAllArticles=true,['계룡산'],2022.10.02.,0.0,1.0,,
1월22일 토요일 고헌산 일출산행 다녀왔어요,https://cafe.naver.com/windstopper/ArticleRead.nhn?clubid=10765317&page=16&userDisplay=50&inCafeSearch=true&searchBy=1&query=%EC%9D%BC%EC%B6%9C&includeAll=&exclude=&include=&exact=&searchdate=all&media=1&sortBy=date&articleid=135566&referrerAllArticles=true,"['고헌산', '일출산']",2022.01.22.,0.0,1.0,,
2022년 첫번째 지리산행(feat.황홀한 천왕일출),https://cafe.naver.com/windstopper/ArticleRead.nhn?clubid=10765317&page=16&userDisplay=50&inCafeSearch=true&searchBy=1&query=%EC%9D%BC%EC%B6%9C&includeAll=&exclude=&include=&exact=&searchdate=all&media=1&sortBy=date&articleid=131829&referrerAllArticles=true,['지리산'],2022.01.08.,1.0,1.0,,
