title,link,mountain,upload_to,운해 여부,애매한 사진
오랜만에 보는 운해,https://cafe.naver.com/windstopper/ArticleRead.nhn?clubid=10765317&page=1&userDisplay=50&inCafeSearch=true&searchBy=1&query=%EC%9A%B4%ED%95%B4&includeAll=&exclude=&include=&exact=&searchdate=all&media=1&sortBy=date&articleid=242147&referrerAllArticles=true,,2023.05.09.,1,
오늘 일출과 운해,https://cafe.naver.com/windstopper/ArticleRead.nhn?clubid=10765317&page=1&userDisplay=50&inCafeSearch=true&searchBy=1&query=%EC%9A%B4%ED%95%B4&includeAll=&exclude=&include=&exact=&searchdate=all&media=1&sortBy=date&articleid=241831&referrerAllArticles=true,[‘심항산’],2023.05.08.,1,
내일 월출산 운해 볼수 있을까요?,https://cafe.naver.com/windstopper/ArticleRead.nhn?clubid=10765317&page=1&userDisplay=50&inCafeSearch=true&searchBy=1&query=%EC%9A%B4%ED%95%B4&includeAll=&exclude=&include=&exact=&searchdate=all&media=1&sortBy=date&articleid=241764&referrerAllArticles=true,['월출산'],2023.05.07.,2,
"노동절 새벽, 월출산의 운해일출",https://cafe.naver.com/windstopper/ArticleRead.nhn?clubid=10765317&page=1&userDisplay=50&inCafeSearch=true&searchBy=1&query=%EC%9A%B4%ED%95%B4&includeAll=&exclude=&include=&exact=&searchdate=all&media=1&sortBy=date&articleid=240949&referrerAllArticles=true,['월출산'],2023.05.01.,1,
이번주 선자령 운해 기대해도 될까요?,https://cafe.naver.com/windstopper/ArticleRead.nhn?clubid=10765317&page=1&userDisplay=50&inCafeSearch=true&searchBy=1&query=%EC%9A%B4%ED%95%B4&includeAll=&exclude=&include=&exact=&searchdate=all&media=1&sortBy=date&articleid=240797&referrerAllArticles=true,,2023.05.02.,2,
백운대 일출산행(feat. 운해사냥),https://cafe.naver.com/windstopper/ArticleRead.nhn?clubid=10765317&page=1&userDisplay=50&inCafeSearch=true&searchBy=1&query=%EC%9A%B4%ED%95%B4&includeAll=&exclude=&include=&exact=&searchdate=all&media=1&sortBy=date&articleid=240589&referrerAllArticles=true,[‘북한산'],2023.05.01.,1,
백운대 운해사냥성공(thanks to또민아빠님),https://cafe.naver.com/windstopper/ArticleRead.nhn?clubid=10765317&page=1&userDisplay=50&inCafeSearch=true&searchBy=1&query=%EC%9A%B4%ED%95%B4&includeAll=&exclude=&include=&exact=&searchdate=all&media=1&sortBy=date&articleid=240387&referrerAllArticles=true,[‘북한산'],2023.04.30.,1,
백운대 일출 11번째만에 첫운해,https://cafe.naver.com/windstopper/ArticleRead.nhn?clubid=10765317&page=1&userDisplay=50&inCafeSearch=true&searchBy=1&query=%EC%9A%B4%ED%95%B4&includeAll=&exclude=&include=&exact=&searchdate=all&media=1&sortBy=date&articleid=240384&referrerAllArticles=true,,2023.04.30.,2,
지금 이 순간(백운대 운해사냥),https://cafe.naver.com/windstopper/ArticleRead.nhn?clubid=10765317&page=1&userDisplay=50&inCafeSearch=true&searchBy=1&query=%EC%9A%B4%ED%95%B4&includeAll=&exclude=&include=&exact=&searchdate=all&media=1&sortBy=date&articleid=240372&referrerAllArticles=true,,2023.04.30.,2,
운해 실패,https://cafe.naver.com/windstopper/ArticleRead.nhn?clubid=10765317&page=1&userDisplay=50&inCafeSearch=true&searchBy=1&query=%EC%9A%B4%ED%95%B4&includeAll=&exclude=&include=&exact=&searchdate=all&media=1&sortBy=date&articleid=240371&referrerAllArticles=true,[‘삼악산'],2023.04.30.,0,
일요일 천마산 운해 노리는분들 많으실텐데요,https://cafe.naver.com/windstopper/ArticleRead.nhn?clubid=10765317&page=1&userDisplay=50&inCafeSearch=true&searchBy=1&query=%EC%9A%B4%ED%95%B4&includeAll=&exclude=&include=&exact=&searchdate=all&media=1&sortBy=date&articleid=240241&referrerAllArticles=true,['천마산'],2023.04.29.,2,
일요일 운해사냥,https://cafe.naver.com/windstopper/ArticleRead.nhn?clubid=10765317&page=1&userDisplay=50&inCafeSearch=true&searchBy=1&query=%EC%9A%B4%ED%95%B4&includeAll=&exclude=&include=&exact=&searchdate=all&media=1&sortBy=date&articleid=240095&referrerAllArticles=true,,2023.04.28.,2,
운해생성조건에 대한 카더라.,https://cafe.naver.com/windstopper/ArticleRead.nhn?clubid=10765317&page=1&userDisplay=50&inCafeSearch=true&searchBy=1&query=%EC%9A%B4%ED%95%B4&includeAll=&exclude=&include=&exact=&searchdate=all&media=1&sortBy=date&articleid=239925&referrerAllArticles=true,,2023.04.27.,2,
일욜 운해보러 가신다면?,https://cafe.naver.com/windstopper/ArticleRead.nhn?clubid=10765317&page=1&userDisplay=50&inCafeSearch=true&searchBy=1&query=%EC%9A%B4%ED%95%B4&includeAll=&exclude=&include=&exact=&searchdate=all&media=1&sortBy=date&articleid=239823&referrerAllArticles=true,,2023.04.27.,2,
지금 이 순간(역대급 제비봉 운해),https://cafe.naver.com/windstopper/ArticleRead.nhn?clubid=10765317&page=1&userDisplay=50&inCafeSearch=true&searchBy=1&query=%EC%9A%B4%ED%95%B4&includeAll=&exclude=&include=&exact=&searchdate=all&media=1&sortBy=date&articleid=239779&referrerAllArticles=true,[‘제비봉’],2023.04.27.,1,
야간에 운해를 볼줄몰랐습니다,https://cafe.naver.com/windstopper/ArticleRead.nhn?clubid=10765317&page=1&userDisplay=50&inCafeSearch=true&searchBy=1&query=%EC%9A%B4%ED%95%B4&includeAll=&exclude=&include=&exact=&searchdate=all&media=1&sortBy=date&articleid=238630&referrerAllArticles=true,[‘계양산’],2023.04.20.,1,밤 운해
희미하지만 운해 비슷한걸 봤다!,https://cafe.naver.com/windstopper/ArticleRead.nhn?clubid=10765317&page=1&userDisplay=50&inCafeSearch=true&searchBy=1&query=%EC%9A%B4%ED%95%B4&includeAll=&exclude=&include=&exact=&searchdate=all&media=1&sortBy=date&articleid=238132&referrerAllArticles=true,,2023.04.19.,2,
지금 이 순간(운해 보러 온 동백이),https://cafe.naver.com/windstopper/ArticleRead.nhn?clubid=10765317&page=1&userDisplay=50&inCafeSearch=true&searchBy=1&query=%EC%9A%B4%ED%95%B4&includeAll=&exclude=&include=&exact=&searchdate=all&media=1&sortBy=date&articleid=238124&referrerAllArticles=true,[‘충주남산’],2022. 10. 15.,1,
현직 백운대 운해 관람중..,https://cafe.naver.com/windstopper/ArticleRead.nhn?clubid=10765317&page=1&userDisplay=50&inCafeSearch=true&searchBy=1&query=%EC%9A%B4%ED%95%B4&includeAll=&exclude=&include=&exact=&searchdate=all&media=1&sortBy=date&articleid=238121&referrerAllArticles=true,[‘북한산'],2023.04.19.,1,
오늘 운해,https://cafe.naver.com/windstopper/ArticleRead.nhn?clubid=10765317&page=1&userDisplay=50&inCafeSearch=true&searchBy=1&query=%EC%9A%B4%ED%95%B4&includeAll=&exclude=&include=&exact=&searchdate=all&media=1&sortBy=date&articleid=238118&referrerAllArticles=true,[‘천마산'],2023.04.19.,1,
천마산 운해(?) 보고 왔어요⛰️,https://cafe.naver.com/windstopper/ArticleRead.nhn?clubid=10765317&page=1&userDisplay=50&inCafeSearch=true&searchBy=1&query=%EC%9A%B4%ED%95%B4&includeAll=&exclude=&include=&exact=&searchdate=all&media=1&sortBy=date&articleid=237602&referrerAllArticles=true,['천마산'],2023.04.16.,1,
오늘 천왕봉 운해,https://cafe.naver.com/windstopper/ArticleRead.nhn?clubid=10765317&page=1&userDisplay=50&inCafeSearch=true&searchBy=1&query=%EC%9A%B4%ED%95%B4&includeAll=&exclude=&include=&exact=&searchdate=all&media=1&sortBy=date&articleid=233137&referrerAllArticles=true,[‘천왕봉'],2023.03.25.,1,
북한산에서의 일출+운해,https://cafe.naver.com/windstopper/ArticleRead.nhn?clubid=10765317&page=1&userDisplay=50&inCafeSearch=true&searchBy=1&query=%EC%9A%B4%ED%95%B4&includeAll=&exclude=&include=&exact=&searchdate=all&media=1&sortBy=date&articleid=231477&referrerAllArticles=true,['북한산'],2023.03.17.,1,
오늘 설산의 운해와 일몰,https://cafe.naver.com/windstopper/ArticleRead.nhn?clubid=10765317&page=1&userDisplay=50&inCafeSearch=true&searchBy=1&query=%EC%9A%B4%ED%95%B4&includeAll=&exclude=&include=&exact=&searchdate=all&media=1&sortBy=date&articleid=230202&referrerAllArticles=true,['설산'],2023.03.11.,2,
백운대 일출 영상과 흑백의 운해,https://cafe.naver.com/windstopper/ArticleRead.nhn?clubid=10765317&page=1&userDisplay=50&inCafeSearch=true&searchBy=1&query=%EC%9A%B4%ED%95%B4&includeAll=&exclude=&include=&exact=&searchdate=all&media=1&sortBy=date&articleid=228188&referrerAllArticles=true,[‘북한산'],2023.03.03.,1,
백두산 운해 보고 왔습니다. (북한땅은 아니고~),https://cafe.naver.com/windstopper/ArticleRead.nhn?clubid=10765317&page=1&userDisplay=50&inCafeSearch=true&searchBy=1&query=%EC%9A%B4%ED%95%B4&includeAll=&exclude=&include=&exact=&searchdate=all&media=1&sortBy=date&articleid=225246&referrerAllArticles=true,[‘백두산_부산’],2023.02.18.,1,
눈꽃 상고대? 운해맛집 덕유산(2/12),https://cafe.naver.com/windstopper/ArticleRead.nhn?clubid=10765317&page=1&userDisplay=50&inCafeSearch=true&searchBy=1&query=%EC%9A%B4%ED%95%B4&includeAll=&exclude=&include=&exact=&searchdate=all&media=1&sortBy=date&articleid=223772&referrerAllArticles=true,['덕유산'],2023.02.13.,1,
오늘 조령산(환상의 조망과 멋진 운해),https://cafe.naver.com/windstopper/ArticleRead.nhn?clubid=10765317&page=1&userDisplay=50&inCafeSearch=true&searchBy=1&query=%EC%9A%B4%ED%95%B4&includeAll=&exclude=&include=&exact=&searchdate=all&media=1&sortBy=date&articleid=223621&referrerAllArticles=true,['조령산'],2023.02.12.,1,
오늘 오도산 운해,https://cafe.naver.com/windstopper/ArticleRead.nhn?clubid=10765317&page=1&userDisplay=50&inCafeSearch=true&searchBy=1&query=%EC%9A%B4%ED%95%B4&includeAll=&exclude=&include=&exact=&searchdate=all&media=1&sortBy=date&articleid=223335&referrerAllArticles=true,['오도산'],2023.02.11.,1,
"운해 천국, 소백산",https://cafe.naver.com/windstopper/ArticleRead.nhn?clubid=10765317&page=1&userDisplay=50&inCafeSearch=true&searchBy=1&query=%EC%9A%B4%ED%95%B4&includeAll=&exclude=&include=&exact=&searchdate=all&media=1&sortBy=date&articleid=223321&referrerAllArticles=true,['소백산'],2023.02.11.,1,
천상에서 ~~제 2편(태백산 운해 및 눈꽃 산행),https://cafe.naver.com/windstopper/ArticleRead.nhn?clubid=10765317&page=1&userDisplay=50&inCafeSearch=true&searchBy=1&query=%EC%9A%B4%ED%95%B4&includeAll=&exclude=&include=&exact=&searchdate=all&media=1&sortBy=date&articleid=217147&referrerAllArticles=true,['태백산'],2023.01.16.,1,
지금이순간) 소백 일출과 운해~ 대성공,https://cafe.naver.com/windstopper/ArticleRead.nhn?clubid=10765317&page=1&userDisplay=50&inCafeSearch=true&searchBy=1&query=%EC%9A%B4%ED%95%B4&includeAll=&exclude=&include=&exact=&searchdate=all&media=1&sortBy=date&articleid=216905&referrerAllArticles=true,[‘소백산’],2023.01.18.,1,
오늘 다녀온 소백이~ (운해의 바다),https://cafe.naver.com/windstopper/ArticleRead.nhn?clubid=10765317&page=1&userDisplay=50&inCafeSearch=true&searchBy=1&query=%EC%9A%B4%ED%95%B4&includeAll=&exclude=&include=&exact=&searchdate=all&media=1&sortBy=date&articleid=216608&referrerAllArticles=true,[‘소백산’],2023.01.16.,1,
오늘 태백산 눈꽃 + 운해,https://cafe.naver.com/windstopper/ArticleRead.nhn?clubid=10765317&page=1&userDisplay=50&inCafeSearch=true&searchBy=1&query=%EC%9A%B4%ED%95%B4&includeAll=&exclude=&include=&exact=&searchdate=all&media=1&sortBy=date&articleid=216555&referrerAllArticles=true,['태백산'],2023.01.16.,1,
덕유산 운해(기대했던 눈꽃은 없었ㅜㅜ),https://cafe.naver.com/windstopper/ArticleRead.nhn?clubid=10765317&page=1&userDisplay=50&inCafeSearch=true&searchBy=1&query=%EC%9A%B4%ED%95%B4&includeAll=&exclude=&include=&exact=&searchdate=all&media=1&sortBy=date&articleid=216543&referrerAllArticles=true,['덕유산'],2023.01.16.,1,
"장터목대피소에서...2 (일몰, 운해 동영상 첨부)",https://cafe.naver.com/windstopper/ArticleRead.nhn?clubid=10765317&page=1&userDisplay=50&inCafeSearch=true&searchBy=1&query=%EC%9A%B4%ED%95%B4&includeAll=&exclude=&include=&exact=&searchdate=all&media=1&sortBy=date&articleid=216222&referrerAllArticles=true,[‘장터목대피소'],2023.01.15.,1,일몰
지금 이 순간(한겨울의 운해),https://cafe.naver.com/windstopper/ArticleRead.nhn?clubid=10765317&page=1&userDisplay=50&inCafeSearch=true&searchBy=1&query=%EC%9A%B4%ED%95%B4&includeAll=&exclude=&include=&exact=&searchdate=all&media=1&sortBy=date&articleid=213599&referrerAllArticles=true,,2023.01.05.,2,
"제 멋대로 뽑은 2022 타임랩스로 본 베스트 운해 1,2위",https://cafe.naver.com/windstopper/ArticleRead.nhn?clubid=10765317&page=1&userDisplay=50&inCafeSearch=true&searchBy=1&query=%EC%9A%B4%ED%95%B4&includeAll=&exclude=&include=&exact=&searchdate=all&media=1&sortBy=date&articleid=211950&referrerAllArticles=true,,2022.12.29.,2,
2022 타임랩스로 본 베스트 운해 3위,https://cafe.naver.com/windstopper/ArticleRead.nhn?clubid=10765317&page=1&userDisplay=50&inCafeSearch=true&searchBy=1&query=%EC%9A%B4%ED%95%B4&includeAll=&exclude=&include=&exact=&searchdate=all&media=1&sortBy=date&articleid=211745&referrerAllArticles=true,,2022.12.28.,2,
2022년 산행 결산(운해와 단풍이 아름다웠던 가을 편),https://cafe.naver.com/windstopper/ArticleRead.nhn?clubid=10765317&page=1&userDisplay=50&inCafeSearch=true&searchBy=1&query=%EC%9A%B4%ED%95%B4&includeAll=&exclude=&include=&exact=&searchdate=all&media=1&sortBy=date&articleid=211240&referrerAllArticles=true,['결산'],2022.12.26.,2,
앞산 운해 대박...,https://cafe.naver.com/windstopper/ArticleRead.nhn?clubid=10765317&page=1&userDisplay=50&inCafeSearch=true&searchBy=1&query=%EC%9A%B4%ED%95%B4&includeAll=&exclude=&include=&exact=&searchdate=all&media=1&sortBy=date&articleid=209749&referrerAllArticles=true,[‘대구_앞산'],2022.12.21.,1,
2022년 1년의 기록 - 운해,https://cafe.naver.com/windstopper/ArticleRead.nhn?clubid=10765317&page=1&userDisplay=50&inCafeSearch=true&searchBy=1&query=%EC%9A%B4%ED%95%B4&includeAll=&exclude=&include=&exact=&searchdate=all&media=1&sortBy=date&articleid=208254&referrerAllArticles=true,,2022.12.15.,2,
지금 이 순간(운해원정대의 운해사냥 성공!),https://cafe.naver.com/windstopper/ArticleRead.nhn?clubid=10765317&page=1&userDisplay=50&inCafeSearch=true&searchBy=1&query=%EC%9A%B4%ED%95%B4&includeAll=&exclude=&include=&exact=&searchdate=all&media=1&sortBy=date&articleid=206844&referrerAllArticles=true,[충청북도_남산’],2022.12.10.,1,
오늘 아침 멋진 운해와 일출,https://cafe.naver.com/windstopper/ArticleRead.nhn?clubid=10765317&page=1&userDisplay=50&inCafeSearch=true&searchBy=1&query=%EC%9A%B4%ED%95%B4&includeAll=&exclude=&include=&exact=&searchdate=all&media=1&sortBy=date&articleid=206451&referrerAllArticles=true,[‘충주’],2022.12.08.,1,
북한산에 운해가..,https://cafe.naver.com/windstopper/ArticleRead.nhn?clubid=10765317&page=1&userDisplay=50&inCafeSearch=true&searchBy=1&query=%EC%9A%B4%ED%95%B4&includeAll=&exclude=&include=&exact=&searchdate=all&media=1&sortBy=date&articleid=204330&referrerAllArticles=true,['북한산'],2022.11.29.,2,
"일출과 운해 in 검단산, 오늘",https://cafe.naver.com/windstopper/ArticleRead.nhn?clubid=10765317&page=1&userDisplay=50&inCafeSearch=true&searchBy=1&query=%EC%9A%B4%ED%95%B4&includeAll=&exclude=&include=&exact=&searchdate=all&media=1&sortBy=date&articleid=201885&referrerAllArticles=true,['검단산'],2022.11.18.,1,
운해 구경하세요~,https://cafe.naver.com/windstopper/ArticleRead.nhn?clubid=10765317&page=1&userDisplay=50&inCafeSearch=true&searchBy=1&query=%EC%9A%B4%ED%95%B4&includeAll=&exclude=&include=&exact=&searchdate=all&media=1&sortBy=date&articleid=201814&referrerAllArticles=true,[‘금수산’],2022.11.18.,1,
지금 이 순간(운해와 일출),https://cafe.naver.com/windstopper/ArticleRead.nhn?clubid=10765317&page=1&userDisplay=50&inCafeSearch=true&searchBy=1&query=%EC%9A%B4%ED%95%B4&includeAll=&exclude=&include=&exact=&searchdate=all&media=1&sortBy=date&articleid=201809&referrerAllArticles=true,['충주 심항산’],2022.11.18.,1,
북한산 백운대 운해와 칼바위 능선 (사진 많음),https://cafe.naver.com/windstopper/ArticleRead.nhn?clubid=10765317&page=1&userDisplay=50&inCafeSearch=true&searchBy=1&query=%EC%9A%B4%ED%95%B4&includeAll=&exclude=&include=&exact=&searchdate=all&media=1&sortBy=date&articleid=201805&referrerAllArticles=true,['북한산'],2022.11.18.,1,
양주 불곡산 새벽 운해와 찬란한 별빛들,https://cafe.naver.com/windstopper/ArticleRead.nhn?clubid=10765317&page=1&userDisplay=50&inCafeSearch=true&searchBy=1&query=%EC%9A%B4%ED%95%B4&includeAll=&exclude=&include=&exact=&searchdate=all&media=1&sortBy=date&articleid=201475&referrerAllArticles=true,['불곡산'],2022.11.16.,1,
지금 이순간 - 북한산 운해,https://cafe.naver.com/windstopper/ArticleRead.nhn?clubid=10765317&page=2&userDisplay=50&inCafeSearch=true&searchBy=1&query=%EC%9A%B4%ED%95%B4&includeAll=&exclude=&include=&exact=&searchdate=all&media=1&sortBy=date&articleid=201393&referrerAllArticles=true,['북한산'],2022.11.16.,1,
아까 그 순간(오늘의 운해는?),https://cafe.naver.com/windstopper/ArticleRead.nhn?clubid=10765317&page=2&userDisplay=50&inCafeSearch=true&searchBy=1&query=%EC%9A%B4%ED%95%B4&includeAll=&exclude=&include=&exact=&searchdate=all&media=1&sortBy=date&articleid=201377&referrerAllArticles=true,,2022.11.16.,2,
운해 사냥 실패,https://cafe.naver.com/windstopper/ArticleRead.nhn?clubid=10765317&page=2&userDisplay=50&inCafeSearch=true&searchBy=1&query=%EC%9A%B4%ED%95%B4&includeAll=&exclude=&include=&exact=&searchdate=all&media=1&sortBy=date&articleid=200666&referrerAllArticles=true,,2022.11.13.,2,
구례 오산 운해확률,https://cafe.naver.com/windstopper/ArticleRead.nhn?clubid=10765317&page=2&userDisplay=50&inCafeSearch=true&searchBy=1&query=%EC%9A%B4%ED%95%B4&includeAll=&exclude=&include=&exact=&searchdate=all&media=1&sortBy=date&articleid=200629&referrerAllArticles=true,['오산'],2022.11.12.,0,
BAC 81.. 반야봉 ~ 일출과운해..,https://cafe.naver.com/windstopper/ArticleRead.nhn?clubid=10765317&page=2&userDisplay=50&inCafeSearch=true&searchBy=1&query=%EC%9A%B4%ED%95%B4&includeAll=&exclude=&include=&exact=&searchdate=all&media=1&sortBy=date&articleid=199905&referrerAllArticles=true,[‘반야봉’],2022.11.09.,1,
날씨요정과 함께하는 운해일출(feat. 구봉산),https://cafe.naver.com/windstopper/ArticleRead.nhn?clubid=10765317&page=2&userDisplay=50&inCafeSearch=true&searchBy=1&query=%EC%9A%B4%ED%95%B4&includeAll=&exclude=&include=&exact=&searchdate=all&media=1&sortBy=date&articleid=199148&referrerAllArticles=true,['구봉산'],2022.11.06.,1,
주왕산의 운해와 기암,https://cafe.naver.com/windstopper/ArticleRead.nhn?clubid=10765317&page=2&userDisplay=50&inCafeSearch=true&searchBy=1&query=%EC%9A%B4%ED%95%B4&includeAll=&exclude=&include=&exact=&searchdate=all&media=1&sortBy=date&articleid=198445&referrerAllArticles=true,['주왕산'],2022.11.03.,1,
검단산 일출과 운해...,https://cafe.naver.com/windstopper/ArticleRead.nhn?clubid=10765317&page=2&userDisplay=50&inCafeSearch=true&searchBy=1&query=%EC%9A%B4%ED%95%B4&includeAll=&exclude=&include=&exact=&searchdate=all&media=1&sortBy=date&articleid=198194&referrerAllArticles=true,['검단산'],2022.11.02.,1,
지금 이 순간(역시 운해맛집 ),https://cafe.naver.com/windstopper/ArticleRead.nhn?clubid=10765317&page=2&userDisplay=50&inCafeSearch=true&searchBy=1&query=%EC%9A%B4%ED%95%B4&includeAll=&exclude=&include=&exact=&searchdate=all&media=1&sortBy=date&articleid=198164&referrerAllArticles=true,"[‘월악’],[‘남산’]",2022.11.02.,1,
내장산 장군봉 운해. jpg,https://cafe.naver.com/windstopper/ArticleRead.nhn?clubid=10765317&page=2&userDisplay=50&inCafeSearch=true&searchBy=1&query=%EC%9A%B4%ED%95%B4&includeAll=&exclude=&include=&exact=&searchdate=all&media=1&sortBy=date&articleid=197459&referrerAllArticles=true,['내장산'],2022.10.30.,1,
"아까 그 순간(동백이 단풍, 운해 구경)",https://cafe.naver.com/windstopper/ArticleRead.nhn?clubid=10765317&page=2&userDisplay=50&inCafeSearch=true&searchBy=1&query=%EC%9A%B4%ED%95%B4&includeAll=&exclude=&include=&exact=&searchdate=all&media=1&sortBy=date&articleid=197274&referrerAllArticles=true,[‘충주남산'],2022.10.29.,1,
안개예보 듣고 다녀온 운해사냥!,https://cafe.naver.com/windstopper/ArticleRead.nhn?clubid=10765317&page=2&userDisplay=50&inCafeSearch=true&searchBy=1&query=%EC%9A%B4%ED%95%B4&includeAll=&exclude=&include=&exact=&searchdate=all&media=1&sortBy=date&articleid=197051&referrerAllArticles=true,[‘충주’],2022.10.28.,1,
지금.. 영동 천태산 운해~ 대박,https://cafe.naver.com/windstopper/ArticleRead.nhn?clubid=10765317&page=2&userDisplay=50&inCafeSearch=true&searchBy=1&query=%EC%9A%B4%ED%95%B4&includeAll=&exclude=&include=&exact=&searchdate=all&media=1&sortBy=date&articleid=197014&referrerAllArticles=true,['천태산'],2022.10.28.,1,
지금 대청봉 운해(시시…),https://cafe.naver.com/windstopper/ArticleRead.nhn?clubid=10765317&page=2&userDisplay=50&inCafeSearch=true&searchBy=1&query=%EC%9A%B4%ED%95%B4&includeAll=&exclude=&include=&exact=&searchdate=all&media=1&sortBy=date&articleid=196485&referrerAllArticles=true,[‘대청봉’],2022.10.25.,1,
운해사냥 성공!(충주 수주팔봉),https://cafe.naver.com/windstopper/ArticleRead.nhn?clubid=10765317&page=2&userDisplay=50&inCafeSearch=true&searchBy=1&query=%EC%9A%B4%ED%95%B4&includeAll=&exclude=&include=&exact=&searchdate=all&media=1&sortBy=date&articleid=196387&referrerAllArticles=true,[‘충주 수주팔봉’],2022.10.25.,1,
다시 보는 양수리 운해(예빈산),https://cafe.naver.com/windstopper/ArticleRead.nhn?clubid=10765317&page=2&userDisplay=50&inCafeSearch=true&searchBy=1&query=%EC%9A%B4%ED%95%B4&includeAll=&exclude=&include=&exact=&searchdate=all&media=1&sortBy=date&articleid=196237&referrerAllArticles=true,['예빈산'],2022.10.24.,2,
지리산 천왕봉 운해,https://cafe.naver.com/windstopper/ArticleRead.nhn?clubid=10765317&page=2&userDisplay=50&inCafeSearch=true&searchBy=1&query=%EC%9A%B4%ED%95%B4&includeAll=&exclude=&include=&exact=&searchdate=all&media=1&sortBy=date&articleid=196063&referrerAllArticles=true,['지리산'],2022.10.23.,1,
임실 국사봉&오봉산 운해사냥,https://cafe.naver.com/windstopper/ArticleRead.nhn?clubid=10765317&page=2&userDisplay=50&inCafeSearch=true&searchBy=1&query=%EC%9A%B4%ED%95%B4&includeAll=&exclude=&include=&exact=&searchdate=all&media=1&sortBy=date&articleid=195184&referrerAllArticles=true,['오봉산'],2022.10.19.,1,
첨으로 구례 사성암 오산 운해보고 왔어요♡.♡,https://cafe.naver.com/windstopper/ArticleRead.nhn?clubid=10765317&page=2&userDisplay=50&inCafeSearch=true&searchBy=1&query=%EC%9A%B4%ED%95%B4&includeAll=&exclude=&include=&exact=&searchdate=all&media=1&sortBy=date&articleid=194600&referrerAllArticles=true,['오산'],2022.10.17.,1,
가야산 운해~,https://cafe.naver.com/windstopper/ArticleRead.nhn?clubid=10765317&page=2&userDisplay=50&inCafeSearch=true&searchBy=1&query=%EC%9A%B4%ED%95%B4&includeAll=&exclude=&include=&exact=&searchdate=all&media=1&sortBy=date&articleid=194166&referrerAllArticles=true,['가야산'],2022.10.16.,1,
지금 이 순간(오늘의 운해는?),https://cafe.naver.com/windstopper/ArticleRead.nhn?clubid=10765317&page=2&userDisplay=50&inCafeSearch=true&searchBy=1&query=%EC%9A%B4%ED%95%B4&includeAll=&exclude=&include=&exact=&searchdate=all&media=1&sortBy=date&articleid=194101&referrerAllArticles=true,[‘월악'],2022.10.16.,1,
끝내주는 운해☁️,https://cafe.naver.com/windstopper/ArticleRead.nhn?clubid=10765317&page=2&userDisplay=50&inCafeSearch=true&searchBy=1&query=%EC%9A%B4%ED%95%B4&includeAll=&exclude=&include=&exact=&searchdate=all&media=1&sortBy=date&articleid=194010&referrerAllArticles=true,[‘춘천 용화산’],2022.10.15.,1,
추억의 지리산 운해~~*,https://cafe.naver.com/windstopper/ArticleRead.nhn?clubid=10765317&page=2&userDisplay=50&inCafeSearch=true&searchBy=1&query=%EC%9A%B4%ED%95%B4&includeAll=&exclude=&include=&exact=&searchdate=all&media=1&sortBy=date&articleid=194001&referrerAllArticles=true,['지리산'],2022.10.15.,2,
운해를 보고 싶다면!(운해의 조건),https://cafe.naver.com/windstopper/ArticleRead.nhn?clubid=10765317&page=2&userDisplay=50&inCafeSearch=true&searchBy=1&query=%EC%9A%B4%ED%95%B4&includeAll=&exclude=&include=&exact=&searchdate=all&media=1&sortBy=date&articleid=193969&referrerAllArticles=true,,2022.10.15.,2,
천마산 운해사냥!,https://cafe.naver.com/windstopper/ArticleRead.nhn?clubid=10765317&page=2&userDisplay=50&inCafeSearch=true&searchBy=1&query=%EC%9A%B4%ED%95%B4&includeAll=&exclude=&include=&exact=&searchdate=all&media=1&sortBy=date&articleid=193900&referrerAllArticles=true,['천마산'],2022.10.15.,1,
지금 이 순간(미친! 운해!),https://cafe.naver.com/windstopper/ArticleRead.nhn?clubid=10765317&page=2&userDisplay=50&inCafeSearch=true&searchBy=1&query=%EC%9A%B4%ED%95%B4&includeAll=&exclude=&include=&exact=&searchdate=all&media=1&sortBy=date&articleid=193859&referrerAllArticles=true,['충주 남산’],2022.10.15.,1,
"천마산 운해와 일출, 그리고 가을",https://cafe.naver.com/windstopper/ArticleRead.nhn?clubid=10765317&page=2&userDisplay=50&inCafeSearch=true&searchBy=1&query=%EC%9A%B4%ED%95%B4&includeAll=&exclude=&include=&exact=&searchdate=all&media=1&sortBy=date&articleid=193855&referrerAllArticles=true,['천마산'],2022.10.15.,1,
천마산 운해,https://cafe.naver.com/windstopper/ArticleRead.nhn?clubid=10765317&page=2&userDisplay=50&inCafeSearch=true&searchBy=1&query=%EC%9A%B4%ED%95%B4&includeAll=&exclude=&include=&exact=&searchdate=all&media=1&sortBy=date&articleid=193646&referrerAllArticles=true,['천마산'],2022.10.14.,1,
"지금 이 순간(월악산 제비봉, 내 생애 가장 감동적인 운해)",https://cafe.naver.com/windstopper/ArticleRead.nhn?clubid=10765317&page=2&userDisplay=50&inCafeSearch=true&searchBy=1&query=%EC%9A%B4%ED%95%B4&includeAll=&exclude=&include=&exact=&searchdate=all&media=1&sortBy=date&articleid=193353&referrerAllArticles=true,['월악산'],2022.10.13.,1,
"지금 이순간, 설악산 상고대와 운해",https://cafe.naver.com/windstopper/ArticleRead.nhn?clubid=10765317&page=2&userDisplay=50&inCafeSearch=true&searchBy=1&query=%EC%9A%B4%ED%95%B4&includeAll=&exclude=&include=&exact=&searchdate=all&media=1&sortBy=date&articleid=192902&referrerAllArticles=true,['설악산'],2022.10.11.,1,
도봉산 일출 & 운해 사진. 처음으로 올리네요.,https://cafe.naver.com/windstopper/ArticleRead.nhn?clubid=10765317&page=2&userDisplay=50&inCafeSearch=true&searchBy=1&query=%EC%9A%B4%ED%95%B4&includeAll=&exclude=&include=&exact=&searchdate=all&media=1&sortBy=date&articleid=192247&referrerAllArticles=true,['도봉산'],2022.10.08.,1,
""" 천마산 운해 볼수있을까요?~""",https://cafe.naver.com/windstopper/ArticleRead.nhn?clubid=10765317&page=2&userDisplay=50&inCafeSearch=true&searchBy=1&query=%EC%9A%B4%ED%95%B4&includeAll=&exclude=&include=&exact=&searchdate=all&media=1&sortBy=date&articleid=192195&referrerAllArticles=true,['천마산'],2022.10.08.,2,
"지금 이 순간(월악, 운해와 단풍 맛집, 성공적)",https://cafe.naver.com/windstopper/ArticleRead.nhn?clubid=10765317&page=2&userDisplay=50&inCafeSearch=true&searchBy=1&query=%EC%9A%B4%ED%95%B4&includeAll=&exclude=&include=&exact=&searchdate=all&media=1&sortBy=date&articleid=192022&referrerAllArticles=true,[‘월악'],2022.10.08.,1,
북한산 미세먼지 운해,https://cafe.naver.com/windstopper/ArticleRead.nhn?clubid=10765317&page=2&userDisplay=50&inCafeSearch=true&searchBy=1&query=%EC%9A%B4%ED%95%B4&includeAll=&exclude=&include=&exact=&searchdate=all&media=1&sortBy=date&articleid=190364&referrerAllArticles=true,['북한산'],2022.10.01.,1,
오늘 북한산 백운대 운해와 일출,https://cafe.naver.com/windstopper/ArticleRead.nhn?clubid=10765317&page=2&userDisplay=50&inCafeSearch=true&searchBy=1&query=%EC%9A%B4%ED%95%B4&includeAll=&exclude=&include=&exact=&searchdate=all&media=1&sortBy=date&articleid=189878&referrerAllArticles=true,['북한산'],2022.09.29.,1,
어제의 천마산운해,https://cafe.naver.com/windstopper/ArticleRead.nhn?clubid=10765317&page=2&userDisplay=50&inCafeSearch=true&searchBy=1&query=%EC%9A%B4%ED%95%B4&includeAll=&exclude=&include=&exact=&searchdate=all&media=1&sortBy=date&articleid=187787&referrerAllArticles=true,['천마산'],2022.09.18.,1,
오늘 운해 가득가득!!! 양주 불곡산 후기,https://cafe.naver.com/windstopper/ArticleRead.nhn?clubid=10765317&page=2&userDisplay=50&inCafeSearch=true&searchBy=1&query=%EC%9A%B4%ED%95%B4&includeAll=&exclude=&include=&exact=&searchdate=all&media=1&sortBy=date&articleid=187597&referrerAllArticles=true,['불곡산'],2022.09.18.,1,
"운해가 깔린 왕방산 사진, 영상",https://cafe.naver.com/windstopper/ArticleRead.nhn?clubid=10765317&page=2&userDisplay=50&inCafeSearch=true&searchBy=1&query=%EC%9A%B4%ED%95%B4&includeAll=&exclude=&include=&exact=&searchdate=all&media=1&sortBy=date&articleid=187553&referrerAllArticles=true,['왕방산'],2022.09.18.,1,
제천 감악산 운해일출 산행,https://cafe.naver.com/windstopper/ArticleRead.nhn?clubid=10765317&page=2&userDisplay=50&inCafeSearch=true&searchBy=1&query=%EC%9A%B4%ED%95%B4&includeAll=&exclude=&include=&exact=&searchdate=all&media=1&sortBy=date&articleid=186057&referrerAllArticles=true,['감악산'],2022.09.09.,1,
운길산 예빈산 일출 운해,https://cafe.naver.com/windstopper/ArticleRead.nhn?clubid=10765317&page=2&userDisplay=50&inCafeSearch=true&searchBy=1&query=%EC%9A%B4%ED%95%B4&includeAll=&exclude=&include=&exact=&searchdate=all&media=1&sortBy=date&articleid=185923&referrerAllArticles=true,"['운길산', '예빈산']",2022.09.07.,1,
광교산 운해(?),https://cafe.naver.com/windstopper/ArticleRead.nhn?clubid=10765317&page=2&userDisplay=50&inCafeSearch=true&searchBy=1&query=%EC%9A%B4%ED%95%B4&includeAll=&exclude=&include=&exact=&searchdate=all&media=1&sortBy=date&articleid=185510&referrerAllArticles=true,['광교산'],2022.09.07.,1,
낼도 백운대 운해와 일출,https://cafe.naver.com/windstopper/ArticleRead.nhn?clubid=10765317&page=2&userDisplay=50&inCafeSearch=true&searchBy=1&query=%EC%9A%B4%ED%95%B4&includeAll=&exclude=&include=&exact=&searchdate=all&media=1&sortBy=date&articleid=184504&referrerAllArticles=true,[‘북한산'],2022.09.01.,1,
경쟁하듯 춤추는 구름과 운해,https://cafe.naver.com/windstopper/ArticleRead.nhn?clubid=10765317&page=2&userDisplay=50&inCafeSearch=true&searchBy=1&query=%EC%9A%B4%ED%95%B4&includeAll=&exclude=&include=&exact=&searchdate=all&media=1&sortBy=date&articleid=184256&referrerAllArticles=true,,2022.08.31.,2,
운해속 세상,https://cafe.naver.com/windstopper/ArticleRead.nhn?clubid=10765317&page=2&userDisplay=50&inCafeSearch=true&searchBy=1&query=%EC%9A%B4%ED%95%B4&includeAll=&exclude=&include=&exact=&searchdate=all&media=1&sortBy=date&articleid=183702&referrerAllArticles=true,,2022.08.28.,2,
지리산 노고단 운해,https://cafe.naver.com/windstopper/ArticleRead.nhn?clubid=10765317&page=2&userDisplay=50&inCafeSearch=true&searchBy=1&query=%EC%9A%B4%ED%95%B4&includeAll=&exclude=&include=&exact=&searchdate=all&media=1&sortBy=date&articleid=182540&referrerAllArticles=true,['지리산'],2022.08.21.,1,
"지금 이 순간! 한라산 윗세오름, 남벽분기점(feat.운해)",https://cafe.naver.com/windstopper/ArticleRead.nhn?clubid=10765317&page=2&userDisplay=50&inCafeSearch=true&searchBy=1&query=%EC%9A%B4%ED%95%B4&includeAll=&exclude=&include=&exact=&searchdate=all&media=1&sortBy=date&articleid=182123&referrerAllArticles=true,['한라산'],2022.08.18.,0,
금오산 (현월봉) 운해!!!,https://cafe.naver.com/windstopper/ArticleRead.nhn?clubid=10765317&page=2&userDisplay=50&inCafeSearch=true&searchBy=1&query=%EC%9A%B4%ED%95%B4&includeAll=&exclude=&include=&exact=&searchdate=all&media=1&sortBy=date&articleid=181485&referrerAllArticles=true,['금오산'],2022.08.14.,1,
청계산 운해,https://cafe.naver.com/windstopper/ArticleRead.nhn?clubid=10765317&page=2&userDisplay=50&inCafeSearch=true&searchBy=1&query=%EC%9A%B4%ED%95%B4&includeAll=&exclude=&include=&exact=&searchdate=all&media=1&sortBy=date&articleid=180848&referrerAllArticles=true,['청계산'],2022.08.10.,2,
오늘도 감악산은 운해 맛집...이긴한데,https://cafe.naver.com/windstopper/ArticleRead.nhn?clubid=10765317&page=2&userDisplay=50&inCafeSearch=true&searchBy=1&query=%EC%9A%B4%ED%95%B4&includeAll=&exclude=&include=&exact=&searchdate=all&media=1&sortBy=date&articleid=180750&referrerAllArticles=true,['감악산'],2022.08.10.,1,
운해가 멋졌던 오늘 천왕봉,https://cafe.naver.com/windstopper/ArticleRead.nhn?clubid=10765317&page=2&userDisplay=50&inCafeSearch=true&searchBy=1&query=%EC%9A%B4%ED%95%B4&includeAll=&exclude=&include=&exact=&searchdate=all&media=1&sortBy=date&articleid=178631&referrerAllArticles=true,[‘천왕봉'],2022.07.27.,1,
노고단 운해...,https://cafe.naver.com/windstopper/ArticleRead.nhn?clubid=10765317&page=3&userDisplay=50&inCafeSearch=true&searchBy=1&query=%EC%9A%B4%ED%95%B4&includeAll=&exclude=&include=&exact=&searchdate=all&media=1&sortBy=date&articleid=178570&referrerAllArticles=true,,2022.07.27.,2,
오늘의 아름다운 일출과 운해,https://cafe.naver.com/windstopper/ArticleRead.nhn?clubid=10765317&page=3&userDisplay=50&inCafeSearch=true&searchBy=1&query=%EC%9A%B4%ED%95%B4&includeAll=&exclude=&include=&exact=&searchdate=all&media=1&sortBy=date&articleid=178380&referrerAllArticles=true,[‘감악산’],2022.07.26.,1,
지리산(우중산행 대신 대박운해 주시네..22/07/23/토),https://cafe.naver.com/windstopper/ArticleRead.nhn?clubid=10765317&page=3&userDisplay=50&inCafeSearch=true&searchBy=1&query=%EC%9A%B4%ED%95%B4&includeAll=&exclude=&include=&exact=&searchdate=all&media=1&sortBy=date&articleid=178069&referrerAllArticles=true,"['지리산', '우중산']",2022.07.23.,1,
영알 가지산 운해,https://cafe.naver.com/windstopper/ArticleRead.nhn?clubid=10765317&page=3&userDisplay=50&inCafeSearch=true&searchBy=1&query=%EC%9A%B4%ED%95%B4&includeAll=&exclude=&include=&exact=&searchdate=all&media=1&sortBy=date&articleid=176564&referrerAllArticles=true,['가지산'],2022.07.10.,1,
10일 가야산 운해도 보고 힐링산행..,https://cafe.naver.com/windstopper/ArticleRead.nhn?clubid=10765317&page=3&userDisplay=50&inCafeSearch=true&searchBy=1&query=%EC%9A%B4%ED%95%B4&includeAll=&exclude=&include=&exact=&searchdate=all&media=1&sortBy=date&articleid=176505&referrerAllArticles=true,"['가야산', '힐링산']",2022.07.10.,1,
"7. 9 가지산 백패킹 후기(feat. 소나기, 일출, 운해)",https://cafe.naver.com/windstopper/ArticleRead.nhn?clubid=10765317&page=3&userDisplay=50&inCafeSearch=true&searchBy=1&query=%EC%9A%B4%ED%95%B4&includeAll=&exclude=&include=&exact=&searchdate=all&media=1&sortBy=date&articleid=176503&referrerAllArticles=true,['가지산'],2022.07.10.,1,
설악산 대청 중청 소청 운해 산행,https://cafe.naver.com/windstopper/ArticleRead.nhn?clubid=10765317&page=3&userDisplay=50&inCafeSearch=true&searchBy=1&query=%EC%9A%B4%ED%95%B4&includeAll=&exclude=&include=&exact=&searchdate=all&media=1&sortBy=date&articleid=176428&referrerAllArticles=true,['설악산'],2022.07.11.,1,
"영남알프스 가지산 운해, 일출",https://cafe.naver.com/windstopper/ArticleRead.nhn?clubid=10765317&page=3&userDisplay=50&inCafeSearch=true&searchBy=1&query=%EC%9A%B4%ED%95%B4&includeAll=&exclude=&include=&exact=&searchdate=all&media=1&sortBy=date&articleid=176220&referrerAllArticles=true,['가지산'],2022.07.10.,1,
오서산 다녀왓어요(운해주의),https://cafe.naver.com/windstopper/ArticleRead.nhn?clubid=10765317&page=3&userDisplay=50&inCafeSearch=true&searchBy=1&query=%EC%9A%B4%ED%95%B4&includeAll=&exclude=&include=&exact=&searchdate=all&media=1&sortBy=date&articleid=176190&referrerAllArticles=true,['오서산'],2022.07.09.,1,
운해보는 꿀팁이 있을까요?,https://cafe.naver.com/windstopper/ArticleRead.nhn?clubid=10765317&page=3&userDisplay=50&inCafeSearch=true&searchBy=1&query=%EC%9A%B4%ED%95%B4&includeAll=&exclude=&include=&exact=&searchdate=all&media=1&sortBy=date&articleid=175801&referrerAllArticles=true,,2022.07.07.,2,
9개의 암봉과 운해가 대박인 구봉산,https://cafe.naver.com/windstopper/ArticleRead.nhn?clubid=10765317&page=3&userDisplay=50&inCafeSearch=true&searchBy=1&query=%EC%9A%B4%ED%95%B4&includeAll=&exclude=&include=&exact=&searchdate=all&media=1&sortBy=date&articleid=175116&referrerAllArticles=true,['구봉산'],2022.07.02.,1,
지금이순간(월악 운해),https://cafe.naver.com/windstopper/ArticleRead.nhn?clubid=10765317&page=3&userDisplay=50&inCafeSearch=true&searchBy=1&query=%EC%9A%B4%ED%95%B4&includeAll=&exclude=&include=&exact=&searchdate=all&media=1&sortBy=date&articleid=174692&referrerAllArticles=true,[‘월악'],2022.07.02.,1,
오늘 운해 사진이,https://cafe.naver.com/windstopper/ArticleRead.nhn?clubid=10765317&page=3&userDisplay=50&inCafeSearch=true&searchBy=1&query=%EC%9A%B4%ED%95%B4&includeAll=&exclude=&include=&exact=&searchdate=all&media=1&sortBy=date&articleid=174689&referrerAllArticles=true,,2022.07.02.,2,
가야산 남산제일봉 운해 ㅠㅠ,https://cafe.naver.com/windstopper/ArticleRead.nhn?clubid=10765317&page=3&userDisplay=50&inCafeSearch=true&searchBy=1&query=%EC%9A%B4%ED%95%B4&includeAll=&exclude=&include=&exact=&searchdate=all&media=1&sortBy=date&articleid=172370&referrerAllArticles=true,"['가야산', '남산']",2022.06.19.,1,
동네산에서 멋진 운해 폭포 만나기,https://cafe.naver.com/windstopper/ArticleRead.nhn?clubid=10765317&page=3&userDisplay=50&inCafeSearch=true&searchBy=1&query=%EC%9A%B4%ED%95%B4&includeAll=&exclude=&include=&exact=&searchdate=all&media=1&sortBy=date&articleid=170664&referrerAllArticles=true,[‘천보산'],2022.06.10.,1,
임실 오봉산 (운해 없음..시무룩),https://cafe.naver.com/windstopper/ArticleRead.nhn?clubid=10765317&page=3&userDisplay=50&inCafeSearch=true&searchBy=1&query=%EC%9A%B4%ED%95%B4&includeAll=&exclude=&include=&exact=&searchdate=all&media=1&sortBy=date&articleid=169402&referrerAllArticles=true,['오봉산'],2022.06.04.,0,
"운해, 일출 라면 맛집(feat. 지금 이 순간)",https://cafe.naver.com/windstopper/ArticleRead.nhn?clubid=10765317&page=3&userDisplay=50&inCafeSearch=true&searchBy=1&query=%EC%9A%B4%ED%95%B4&includeAll=&exclude=&include=&exact=&searchdate=all&media=1&sortBy=date&articleid=166282&referrerAllArticles=true,['오봉산'],2022.05.21.,1,
지금 이순간... 국사봉 운해 일출,https://cafe.naver.com/windstopper/ArticleRead.nhn?clubid=10765317&page=3&userDisplay=50&inCafeSearch=true&searchBy=1&query=%EC%9A%B4%ED%95%B4&includeAll=&exclude=&include=&exact=&searchdate=all&media=1&sortBy=date&articleid=166279&referrerAllArticles=true,[‘국사봉'],2022.05.21.,1,
흑백으로 보는 운해,https://cafe.naver.com/windstopper/ArticleRead.nhn?clubid=10765317&page=3&userDisplay=50&inCafeSearch=true&searchBy=1&query=%EC%9A%B4%ED%95%B4&includeAll=&exclude=&include=&exact=&searchdate=all&media=1&sortBy=date&articleid=164915&referrerAllArticles=true,,2022.05.15.,2,
대둔산의 운해,https://cafe.naver.com/windstopper/ArticleRead.nhn?clubid=10765317&page=3&userDisplay=50&inCafeSearch=true&searchBy=1&query=%EC%9A%B4%ED%95%B4&includeAll=&exclude=&include=&exact=&searchdate=all&media=1&sortBy=date&articleid=164775&referrerAllArticles=true,['대둔산'],2022.05.14.,2,
어제 감악산 이순간 - 운해와 일출,https://cafe.naver.com/windstopper/ArticleRead.nhn?clubid=10765317&page=3&userDisplay=50&inCafeSearch=true&searchBy=1&query=%EC%9A%B4%ED%95%B4&includeAll=&exclude=&include=&exact=&searchdate=all&media=1&sortBy=date&articleid=163552&referrerAllArticles=true,['감악산'],2022.05.09.,1,
파주 감악산의 새벽 운해,https://cafe.naver.com/windstopper/ArticleRead.nhn?clubid=10765317&page=3&userDisplay=50&inCafeSearch=true&searchBy=1&query=%EC%9A%B4%ED%95%B4&includeAll=&exclude=&include=&exact=&searchdate=all&media=1&sortBy=date&articleid=163396&referrerAllArticles=true,['감악산'],2022.05.09.,1,
지금 이순간 발 아래 운해,https://cafe.naver.com/windstopper/ArticleRead.nhn?clubid=10765317&page=3&userDisplay=50&inCafeSearch=true&searchBy=1&query=%EC%9A%B4%ED%95%B4&includeAll=&exclude=&include=&exact=&searchdate=all&media=1&sortBy=date&articleid=163308&referrerAllArticles=true,,2022.05.09.,2,
"일몰 일출 운해, 다!",https://cafe.naver.com/windstopper/ArticleRead.nhn?clubid=10765317&page=3&userDisplay=50&inCafeSearch=true&searchBy=1&query=%EC%9A%B4%ED%95%B4&includeAll=&exclude=&include=&exact=&searchdate=all&media=1&sortBy=date&articleid=162341&referrerAllArticles=true,,2022.05.05.,2,
아까 그순간 (북한산 운해),https://cafe.naver.com/windstopper/ArticleRead.nhn?clubid=10765317&page=3&userDisplay=50&inCafeSearch=true&searchBy=1&query=%EC%9A%B4%ED%95%B4&includeAll=&exclude=&include=&exact=&searchdate=all&media=1&sortBy=date&articleid=159064&referrerAllArticles=true,['북한산'],2022.04.23.,1,
동백이 2회차 - 운해라니!!,https://cafe.naver.com/windstopper/ArticleRead.nhn?clubid=10765317&page=3&userDisplay=50&inCafeSearch=true&searchBy=1&query=%EC%9A%B4%ED%95%B4&includeAll=&exclude=&include=&exact=&searchdate=all&media=1&sortBy=date&articleid=159048&referrerAllArticles=true,[‘모악산'],2022.04.23.,1,
지금 북한산 백운대 운해와 일출은,https://cafe.naver.com/windstopper/ArticleRead.nhn?clubid=10765317&page=3&userDisplay=50&inCafeSearch=true&searchBy=1&query=%EC%9A%B4%ED%95%B4&includeAll=&exclude=&include=&exact=&searchdate=all&media=1&sortBy=date&articleid=159032&referrerAllArticles=true,['북한산'],2022.04.23.,1,
동네 산에서도 만날 수 있는 멋진 운해 - 새벽풍경,https://cafe.naver.com/windstopper/ArticleRead.nhn?clubid=10765317&page=3&userDisplay=50&inCafeSearch=true&searchBy=1&query=%EC%9A%B4%ED%95%B4&includeAll=&exclude=&include=&exact=&searchdate=all&media=1&sortBy=date&articleid=156917&referrerAllArticles=true,,2022.04.16.,2,
동네 산에서도 만날 수 있는 멋진 운해 - 주경,https://cafe.naver.com/windstopper/ArticleRead.nhn?clubid=10765317&page=3&userDisplay=50&inCafeSearch=true&searchBy=1&query=%EC%9A%B4%ED%95%B4&includeAll=&exclude=&include=&exact=&searchdate=all&media=1&sortBy=date&articleid=156826&referrerAllArticles=true,[‘양주’],2022.04.15.,2,
지금이순간 - 연천에서 별보고 운해보고,https://cafe.naver.com/windstopper/ArticleRead.nhn?clubid=10765317&page=3&userDisplay=50&inCafeSearch=true&searchBy=1&query=%EC%9A%B4%ED%95%B4&includeAll=&exclude=&include=&exact=&searchdate=all&media=1&sortBy=date&articleid=153442&referrerAllArticles=true,[‘연천’],2022.04.03.,1,
천마산 운해(사알짝 낀 운해),https://cafe.naver.com/windstopper/ArticleRead.nhn?clubid=10765317&page=3&userDisplay=50&inCafeSearch=true&searchBy=1&query=%EC%9A%B4%ED%95%B4&includeAll=&exclude=&include=&exact=&searchdate=all&media=1&sortBy=date&articleid=152659&referrerAllArticles=true,['천마산'],2022.03.31.,2,
오늘 백운대 일출 운해 볼 수 있겠죠..?,https://cafe.naver.com/windstopper/ArticleRead.nhn?clubid=10765317&page=3&userDisplay=50&inCafeSearch=true&searchBy=1&query=%EC%9A%B4%ED%95%B4&includeAll=&exclude=&include=&exact=&searchdate=all&media=1&sortBy=date&articleid=152523&referrerAllArticles=true,,2022.03.31.,2,
운해 예언하신 선생님.,https://cafe.naver.com/windstopper/ArticleRead.nhn?clubid=10765317&page=3&userDisplay=50&inCafeSearch=true&searchBy=1&query=%EC%9A%B4%ED%95%B4&includeAll=&exclude=&include=&exact=&searchdate=all&media=1&sortBy=date&articleid=151384&referrerAllArticles=true,,2022.03.27.,2,
사패산 운해,https://cafe.naver.com/windstopper/ArticleRead.nhn?clubid=10765317&page=3&userDisplay=50&inCafeSearch=true&searchBy=1&query=%EC%9A%B4%ED%95%B4&includeAll=&exclude=&include=&exact=&searchdate=all&media=1&sortBy=date&articleid=148679&referrerAllArticles=true,['사패산'],2022.03.16.,1,
지금이순간 - 새벽운해,https://cafe.naver.com/windstopper/ArticleRead.nhn?clubid=10765317&page=3&userDisplay=50&inCafeSearch=true&searchBy=1&query=%EC%9A%B4%ED%95%B4&includeAll=&exclude=&include=&exact=&searchdate=all&media=1&sortBy=date&articleid=148467&referrerAllArticles=true,[‘감악산’],2022.03.16.,1,
백운대 반쪽짜리 운해^^,https://cafe.naver.com/windstopper/ArticleRead.nhn?clubid=10765317&page=3&userDisplay=50&inCafeSearch=true&searchBy=1&query=%EC%9A%B4%ED%95%B4&includeAll=&exclude=&include=&exact=&searchdate=all&media=1&sortBy=date&articleid=146745&referrerAllArticles=true,[‘북한산’],2022.03.09.,1,
운해라고 할 수 있을까요??,https://cafe.naver.com/windstopper/ArticleRead.nhn?clubid=10765317&page=3&userDisplay=50&inCafeSearch=true&searchBy=1&query=%EC%9A%B4%ED%95%B4&includeAll=&exclude=&include=&exact=&searchdate=all&media=1&sortBy=date&articleid=141075&referrerAllArticles=true,,2022.02.14.,2,
금일 지리산 생각 못한 운해 상고대 대박산행,https://cafe.naver.com/windstopper/ArticleRead.nhn?clubid=10765317&page=3&userDisplay=50&inCafeSearch=true&searchBy=1&query=%EC%9A%B4%ED%95%B4&includeAll=&exclude=&include=&exact=&searchdate=all&media=1&sortBy=date&articleid=135883&referrerAllArticles=true,"['지리산', '대박산']",2022.01.24.,1,
"이틀 연속 한라산, 그리고 비행기에서 본 운해^^",https://cafe.naver.com/windstopper/ArticleRead.nhn?clubid=10765317&page=3&userDisplay=50&inCafeSearch=true&searchBy=1&query=%EC%9A%B4%ED%95%B4&includeAll=&exclude=&include=&exact=&searchdate=all&media=1&sortBy=date&articleid=134258&referrerAllArticles=true,['한라산'],2022.01.18.,0,
백운대 운해……..ㅜㅜ,https://cafe.naver.com/windstopper/ArticleRead.nhn?clubid=10765317&page=3&userDisplay=50&inCafeSearch=true&searchBy=1&query=%EC%9A%B4%ED%95%B4&includeAll=&exclude=&include=&exact=&searchdate=all&media=1&sortBy=date&articleid=131904&referrerAllArticles=true,[‘북한산’],2022.01.09.,1,
장터목에서 바라본 운해 쇼,https://cafe.naver.com/windstopper/ArticleRead.nhn?clubid=10765317&page=3&userDisplay=50&inCafeSearch=true&searchBy=1&query=%EC%9A%B4%ED%95%B4&includeAll=&exclude=&include=&exact=&searchdate=all&media=1&sortBy=date&articleid=130923&referrerAllArticles=true,[‘장터목'],2022.01.05.,1,
산타면서 못본 운해를 여기서 보네....,https://cafe.naver.com/windstopper/ArticleRead.nhn?clubid=10765317&page=3&userDisplay=50&inCafeSearch=true&searchBy=1&query=%EC%9A%B4%ED%95%B4&includeAll=&exclude=&include=&exact=&searchdate=all&media=1&sortBy=date&articleid=124610&referrerAllArticles=true,,2021.12.11.,2,
백운대 정상 곰탕아닌 운해 기운이 스믈스믈….,https://cafe.naver.com/windstopper/ArticleRead.nhn?clubid=10765317&page=3&userDisplay=50&inCafeSearch=true&searchBy=1&query=%EC%9A%B4%ED%95%B4&includeAll=&exclude=&include=&exact=&searchdate=all&media=1&sortBy=date&articleid=124450&referrerAllArticles=true,,2021.12.11.,2,
어제 가리산 입니다. 너무 멋진 운해를 봤어요.,https://cafe.naver.com/windstopper/ArticleRead.nhn?clubid=10765317&page=3&userDisplay=50&inCafeSearch=true&searchBy=1&query=%EC%9A%B4%ED%95%B4&includeAll=&exclude=&include=&exact=&searchdate=all&media=1&sortBy=date&articleid=124140&referrerAllArticles=true,['가리산'],2021.12.09.,1,
운해의 흐름,https://cafe.naver.com/windstopper/ArticleRead.nhn?clubid=10765317&page=3&userDisplay=50&inCafeSearch=true&searchBy=1&query=%EC%9A%B4%ED%95%B4&includeAll=&exclude=&include=&exact=&searchdate=all&media=1&sortBy=date&articleid=121456&referrerAllArticles=true,,2021.11.26.,2,
운해가 그리워(겨울시즌),https://cafe.naver.com/windstopper/ArticleRead.nhn?clubid=10765317&page=3&userDisplay=50&inCafeSearch=true&searchBy=1&query=%EC%9A%B4%ED%95%B4&includeAll=&exclude=&include=&exact=&searchdate=all&media=1&sortBy=date&articleid=120772&referrerAllArticles=true,,2021.11.22.,2,
삼악산 일출산행 운해,https://cafe.naver.com/windstopper/ArticleRead.nhn?clubid=10765317&page=3&userDisplay=50&inCafeSearch=true&searchBy=1&query=%EC%9A%B4%ED%95%B4&includeAll=&exclude=&include=&exact=&searchdate=all&media=1&sortBy=date&articleid=116280&referrerAllArticles=true,"['삼악산', '일출산']",2021.11.01.,1,
새벽을 깨우는 빛(쓰나미 운해),https://cafe.naver.com/windstopper/ArticleRead.nhn?clubid=10765317&page=3&userDisplay=50&inCafeSearch=true&searchBy=1&query=%EC%9A%B4%ED%95%B4&includeAll=&exclude=&include=&exact=&searchdate=all&media=1&sortBy=date&articleid=114777&referrerAllArticles=true,,2021.10.26.,2,
오늘 아침 일출 그리고 운해,https://cafe.naver.com/windstopper/ArticleRead.nhn?clubid=10765317&page=3&userDisplay=50&inCafeSearch=true&searchBy=1&query=%EC%9A%B4%ED%95%B4&includeAll=&exclude=&include=&exact=&searchdate=all&media=1&sortBy=date&articleid=113402&referrerAllArticles=true,,2021.10.20.,2,
모든게 완벽한날 별들의무덤 일출과운해,https://cafe.naver.com/windstopper/ArticleRead.nhn?clubid=10765317&page=3&userDisplay=50&inCafeSearch=true&searchBy=1&query=%EC%9A%B4%ED%95%B4&includeAll=&exclude=&include=&exact=&searchdate=all&media=1&sortBy=date&articleid=112245&referrerAllArticles=true,[‘대암산’],2021.10.15.,1,
영알 억새 보다 운해?,https://cafe.naver.com/windstopper/ArticleRead.nhn?clubid=10765317&page=4&userDisplay=50&inCafeSearch=true&searchBy=1&query=%EC%9A%B4%ED%95%B4&includeAll=&exclude=&include=&exact=&searchdate=all&media=1&sortBy=date&articleid=111787&referrerAllArticles=true,[‘영축산’],2021.10.13.,1,
반야봉 운해,https://cafe.naver.com/windstopper/ArticleRead.nhn?clubid=10765317&page=4&userDisplay=50&inCafeSearch=true&searchBy=1&query=%EC%9A%B4%ED%95%B4&includeAll=&exclude=&include=&exact=&searchdate=all&media=1&sortBy=date&articleid=111667&referrerAllArticles=true,[‘반야봉'],2021.10.13.,1,
장흥 천관산(10월 11일) 운해,https://cafe.naver.com/windstopper/ArticleRead.nhn?clubid=10765317&page=4&userDisplay=50&inCafeSearch=true&searchBy=1&query=%EC%9A%B4%ED%95%B4&includeAll=&exclude=&include=&exact=&searchdate=all&media=1&sortBy=date&articleid=111399&referrerAllArticles=true,['천관산'],2021.10.11.,1,
요란한 운해~,https://cafe.naver.com/windstopper/ArticleRead.nhn?clubid=10765317&page=4&userDisplay=50&inCafeSearch=true&searchBy=1&query=%EC%9A%B4%ED%95%B4&includeAll=&exclude=&include=&exact=&searchdate=all&media=1&sortBy=date&articleid=111382&referrerAllArticles=true,,2021.10.11.,2,
중미산 운해,https://cafe.naver.com/windstopper/ArticleRead.nhn?clubid=10765317&page=4&userDisplay=50&inCafeSearch=true&searchBy=1&query=%EC%9A%B4%ED%95%B4&includeAll=&exclude=&include=&exact=&searchdate=all&media=1&sortBy=date&articleid=110912&referrerAllArticles=true,['중미산'],2021.10.09.,1,
두륜산 가련봉 일출&운해.!!,https://cafe.naver.com/windstopper/ArticleRead.nhn?clubid=10765317&page=4&userDisplay=50&inCafeSearch=true&searchBy=1&query=%EC%9A%B4%ED%95%B4&includeAll=&exclude=&include=&exact=&searchdate=all&media=1&sortBy=date&articleid=109396&referrerAllArticles=true,['두륜산'],2021.10.03.,1,
북한산 백운대 운해보고 왔습니다,https://cafe.naver.com/windstopper/ArticleRead.nhn?clubid=10765317&page=4&userDisplay=50&inCafeSearch=true&searchBy=1&query=%EC%9A%B4%ED%95%B4&includeAll=&exclude=&include=&exact=&searchdate=all&media=1&sortBy=date&articleid=109393&referrerAllArticles=true,['북한산'],2021.10.03.,1,
새벽에 흐르는 운해의 강,https://cafe.naver.com/windstopper/ArticleRead.nhn?clubid=10765317&page=4&userDisplay=50&inCafeSearch=true&searchBy=1&query=%EC%9A%B4%ED%95%B4&includeAll=&exclude=&include=&exact=&searchdate=all&media=1&sortBy=date&articleid=109001&referrerAllArticles=true,,2021.10.01.,2,
지상에서 본 오늘의 운해,https://cafe.naver.com/windstopper/ArticleRead.nhn?clubid=10765317&page=4&userDisplay=50&inCafeSearch=true&searchBy=1&query=%EC%9A%B4%ED%95%B4&includeAll=&exclude=&include=&exact=&searchdate=all&media=1&sortBy=date&articleid=108914&referrerAllArticles=true,,2021.10.01.,2,
그래도 기다리니 운해는,https://cafe.naver.com/windstopper/ArticleRead.nhn?clubid=10765317&page=4&userDisplay=50&inCafeSearch=true&searchBy=1&query=%EC%9A%B4%ED%95%B4&includeAll=&exclude=&include=&exact=&searchdate=all&media=1&sortBy=date&articleid=108860&referrerAllArticles=true,[‘월출산'],2021.10.01.,1,
오늘 운해 대박 일듯,https://cafe.naver.com/windstopper/ArticleRead.nhn?clubid=10765317&page=4&userDisplay=50&inCafeSearch=true&searchBy=1&query=%EC%9A%B4%ED%95%B4&includeAll=&exclude=&include=&exact=&searchdate=all&media=1&sortBy=date&articleid=108852&referrerAllArticles=true,,2021.10.01.,2,
토요일 서울 운해 삘?,https://cafe.naver.com/windstopper/ArticleRead.nhn?clubid=10765317&page=4&userDisplay=50&inCafeSearch=true&searchBy=1&query=%EC%9A%B4%ED%95%B4&includeAll=&exclude=&include=&exact=&searchdate=all&media=1&sortBy=date&articleid=108842&referrerAllArticles=true,,2021.10.01.,2,
청계산 일출과 운해 보고 왔어요. (의기천추님께 감사드립니다^^),https://cafe.naver.com/windstopper/ArticleRead.nhn?clubid=10765317&page=4&userDisplay=50&inCafeSearch=true&searchBy=1&query=%EC%9A%B4%ED%95%B4&includeAll=&exclude=&include=&exact=&searchdate=all&media=1&sortBy=date&articleid=108776&referrerAllArticles=true,['청계산'],2021.09.30.,1,
오늘 도봉산 다락능선 운해와 일출입니다,https://cafe.naver.com/windstopper/ArticleRead.nhn?clubid=10765317&page=4&userDisplay=50&inCafeSearch=true&searchBy=1&query=%EC%9A%B4%ED%95%B4&includeAll=&exclude=&include=&exact=&searchdate=all&media=1&sortBy=date&articleid=108702&referrerAllArticles=true,['도봉산'],2021.09.30.,1,
지금 이순간 ~ 운해,https://cafe.naver.com/windstopper/ArticleRead.nhn?clubid=10765317&page=4&userDisplay=50&inCafeSearch=true&searchBy=1&query=%EC%9A%B4%ED%95%B4&includeAll=&exclude=&include=&exact=&searchdate=all&media=1&sortBy=date&articleid=108664&referrerAllArticles=true,[‘광덕산'],2021.09.30.,1,
사패산 습도 100% 운해 느어어어~~~,https://cafe.naver.com/windstopper/ArticleRead.nhn?clubid=10765317&page=4&userDisplay=50&inCafeSearch=true&searchBy=1&query=%EC%9A%B4%ED%95%B4&includeAll=&exclude=&include=&exact=&searchdate=all&media=1&sortBy=date&articleid=107841&referrerAllArticles=true,['사패산'],2021.09.25.,0,
실시간 대전라인 운해조건이 좋아 급산행 입니다,https://cafe.naver.com/windstopper/ArticleRead.nhn?clubid=10765317&page=4&userDisplay=50&inCafeSearch=true&searchBy=1&query=%EC%9A%B4%ED%95%B4&includeAll=&exclude=&include=&exact=&searchdate=all&media=1&sortBy=date&articleid=106730&referrerAllArticles=true,[‘대둔산’],2021.09.18.,1,
운해의 계절..,https://cafe.naver.com/windstopper/ArticleRead.nhn?clubid=10765317&page=4&userDisplay=50&inCafeSearch=true&searchBy=1&query=%EC%9A%B4%ED%95%B4&includeAll=&exclude=&include=&exact=&searchdate=all&media=1&sortBy=date&articleid=105998&referrerAllArticles=true,,2021.09.13.,2,
오늘 비슬산에서..(feat.운해),https://cafe.naver.com/windstopper/ArticleRead.nhn?clubid=10765317&page=4&userDisplay=50&inCafeSearch=true&searchBy=1&query=%EC%9A%B4%ED%95%B4&includeAll=&exclude=&include=&exact=&searchdate=all&media=1&sortBy=date&articleid=105748&referrerAllArticles=true,['비슬산'],2021.09.11.,1,
지금이순간_노고단 운해,https://cafe.naver.com/windstopper/ArticleRead.nhn?clubid=10765317&page=4&userDisplay=50&inCafeSearch=true&searchBy=1&query=%EC%9A%B4%ED%95%B4&includeAll=&exclude=&include=&exact=&searchdate=all&media=1&sortBy=date&articleid=105652&referrerAllArticles=true,[‘노고단’],2021.09.11.,1,
"벌초 하러 왔다가, 정족산 운해~",https://cafe.naver.com/windstopper/ArticleRead.nhn?clubid=10765317&page=4&userDisplay=50&inCafeSearch=true&searchBy=1&query=%EC%9A%B4%ED%95%B4&includeAll=&exclude=&include=&exact=&searchdate=all&media=1&sortBy=date&articleid=105365&referrerAllArticles=true,['정족산'],2021.09.09.,2,
지리산 운해를 눈으로 봤습니다.,https://cafe.naver.com/windstopper/ArticleRead.nhn?clubid=10765317&page=4&userDisplay=50&inCafeSearch=true&searchBy=1&query=%EC%9A%B4%ED%95%B4&includeAll=&exclude=&include=&exact=&searchdate=all&media=1&sortBy=date&articleid=104776&referrerAllArticles=true,['지리산'],2021.09.05.,1,
지리산 천왕봉 대박운해(2021.9.4.토),https://cafe.naver.com/windstopper/ArticleRead.nhn?clubid=10765317&page=4&userDisplay=50&inCafeSearch=true&searchBy=1&query=%EC%9A%B4%ED%95%B4&includeAll=&exclude=&include=&exact=&searchdate=all&media=1&sortBy=date&articleid=104716&referrerAllArticles=true,['지리산'],2021.09.04.,1,
노고단 운해는 지리7경! -럭키데이-,https://cafe.naver.com/windstopper/ArticleRead.nhn?clubid=10765317&page=4&userDisplay=50&inCafeSearch=true&searchBy=1&query=%EC%9A%B4%ED%95%B4&includeAll=&exclude=&include=&exact=&searchdate=all&media=1&sortBy=date&articleid=104683&referrerAllArticles=true,,2021.09.04.,2,
지난 주말...경남 운해.!!,https://cafe.naver.com/windstopper/ArticleRead.nhn?clubid=10765317&page=4&userDisplay=50&inCafeSearch=true&searchBy=1&query=%EC%9A%B4%ED%95%B4&includeAll=&exclude=&include=&exact=&searchdate=all&media=1&sortBy=date&articleid=103072&referrerAllArticles=true,,2021.08.23.,2,
무학산에서도 운해가능~?,https://cafe.naver.com/windstopper/ArticleRead.nhn?clubid=10765317&page=4&userDisplay=50&inCafeSearch=true&searchBy=1&query=%EC%9A%B4%ED%95%B4&includeAll=&exclude=&include=&exact=&searchdate=all&media=1&sortBy=date&articleid=102973&referrerAllArticles=true,['무학산'],2021.08.22.,2,
지금 이 순간(천마산 운해),https://cafe.naver.com/windstopper/ArticleRead.nhn?clubid=10765317&page=4&userDisplay=50&inCafeSearch=true&searchBy=1&query=%EC%9A%B4%ED%95%B4&includeAll=&exclude=&include=&exact=&searchdate=all&media=1&sortBy=date&articleid=100727&referrerAllArticles=true,['천마산'],2021.08.07.,1,
선자령 운해,https://cafe.naver.com/windstopper/ArticleRead.nhn?clubid=10765317&page=4&userDisplay=50&inCafeSearch=true&searchBy=1&query=%EC%9A%B4%ED%95%B4&includeAll=&exclude=&include=&exact=&searchdate=all&media=1&sortBy=date&articleid=98225&referrerAllArticles=true,[‘백두대간선자령'],2021.07.18.,1,
지리산 노고단 운해겸행기!,https://cafe.naver.com/windstopper/ArticleRead.nhn?clubid=10765317&page=4&userDisplay=50&inCafeSearch=true&searchBy=1&query=%EC%9A%B4%ED%95%B4&includeAll=&exclude=&include=&exact=&searchdate=all&media=1&sortBy=date&articleid=97599&referrerAllArticles=true,['지리산'],2021.07.13.,2,
흔한 지리산과 섬진강 운해.,https://cafe.naver.com/windstopper/ArticleRead.nhn?clubid=10765317&page=4&userDisplay=50&inCafeSearch=true&searchBy=1&query=%EC%9A%B4%ED%95%B4&includeAll=&exclude=&include=&exact=&searchdate=all&media=1&sortBy=date&articleid=96822&referrerAllArticles=true,['지리산'],2021.07.06.,1,
죽기 전에 꼭 한 번은 봐야 한다는 노고단의 운해와 일출,https://cafe.naver.com/windstopper/ArticleRead.nhn?clubid=10765317&page=4&userDisplay=50&inCafeSearch=true&searchBy=1&query=%EC%9A%B4%ED%95%B4&includeAll=&exclude=&include=&exact=&searchdate=all&media=1&sortBy=date&articleid=96745&referrerAllArticles=true,[‘노고단’],2021.07.06.,1,
운해가 춤추는 지리산,https://cafe.naver.com/windstopper/ArticleRead.nhn?clubid=10765317&page=4&userDisplay=50&inCafeSearch=true&searchBy=1&query=%EC%9A%B4%ED%95%B4&includeAll=&exclude=&include=&exact=&searchdate=all&media=1&sortBy=date&articleid=94179&referrerAllArticles=true,['지리산'],2021.06.17.,2,
설악산 한계령삼거리 환상적인 일출 그리고 운해 대잔치,https://cafe.naver.com/windstopper/ArticleRead.nhn?clubid=10765317&page=4&userDisplay=50&inCafeSearch=true&searchBy=1&query=%EC%9A%B4%ED%95%B4&includeAll=&exclude=&include=&exact=&searchdate=all&media=1&sortBy=date&articleid=93442&referrerAllArticles=true,['설악산'],2021.06.12.,1,
불암산 운해~~,https://cafe.naver.com/windstopper/ArticleRead.nhn?clubid=10765317&page=4&userDisplay=50&inCafeSearch=true&searchBy=1&query=%EC%9A%B4%ED%95%B4&includeAll=&exclude=&include=&exact=&searchdate=all&media=1&sortBy=date&articleid=93252&referrerAllArticles=true,['불암산'],2021.06.12.,1,
북한산 운해,https://cafe.naver.com/windstopper/ArticleRead.nhn?clubid=10765317&page=4&userDisplay=50&inCafeSearch=true&searchBy=1&query=%EC%9A%B4%ED%95%B4&includeAll=&exclude=&include=&exact=&searchdate=all&media=1&sortBy=date&articleid=92116&referrerAllArticles=true,['북한산'],2021.06.04.,1,
철쭉은 못 봤지만 철쭉보다 만 배는 예쁜 능선과 운해를 보여준 소백산,https://cafe.naver.com/windstopper/ArticleRead.nhn?clubid=10765317&page=4&userDisplay=50&inCafeSearch=true&searchBy=1&query=%EC%9A%B4%ED%95%B4&includeAll=&exclude=&include=&exact=&searchdate=all&media=1&sortBy=date&articleid=91487&referrerAllArticles=true,['소백산'],2021.05.31.,1,
천마산 운해 ☁ 지렸습니다.,https://cafe.naver.com/windstopper/ArticleRead.nhn?clubid=10765317&page=4&userDisplay=50&inCafeSearch=true&searchBy=1&query=%EC%9A%B4%ED%95%B4&includeAll=&exclude=&include=&exact=&searchdate=all&media=1&sortBy=date&articleid=90068&referrerAllArticles=true,['천마산'],2021.05.22.,1,
비올 때만 볼 수 있는 운해를 맘껏 보는 드라이브,https://cafe.naver.com/windstopper/ArticleRead.nhn?clubid=10765317&page=4&userDisplay=50&inCafeSearch=true&searchBy=1&query=%EC%9A%B4%ED%95%B4&includeAll=&exclude=&include=&exact=&searchdate=all&media=1&sortBy=date&articleid=89367&referrerAllArticles=true,,2021.05.16.,2,
그해 가을 팔봉산 운해(feat. 주화입마),https://cafe.naver.com/windstopper/ArticleRead.nhn?clubid=10765317&page=4&userDisplay=50&inCafeSearch=true&searchBy=1&query=%EC%9A%B4%ED%95%B4&includeAll=&exclude=&include=&exact=&searchdate=all&media=1&sortBy=date&articleid=88346&referrerAllArticles=true,['팔봉산'],2021.05.09.,2,
제가 본것이 운해가 맞을까요?,https://cafe.naver.com/windstopper/ArticleRead.nhn?clubid=10765317&page=4&userDisplay=50&inCafeSearch=true&searchBy=1&query=%EC%9A%B4%ED%95%B4&includeAll=&exclude=&include=&exact=&searchdate=all&media=1&sortBy=date&articleid=88102&referrerAllArticles=true,[‘계룡산'],2021.05.05.,1,
도봉산에서 바라본 북한산 운해,https://cafe.naver.com/windstopper/ArticleRead.nhn?clubid=10765317&page=4&userDisplay=50&inCafeSearch=true&searchBy=1&query=%EC%9A%B4%ED%95%B4&includeAll=&exclude=&include=&exact=&searchdate=all&media=1&sortBy=date&articleid=87886&referrerAllArticles=true,"['도봉산', '북한산']",2021.05.05.,1,
황홀했던 운해,https://cafe.naver.com/windstopper/ArticleRead.nhn?clubid=10765317&page=4&userDisplay=50&inCafeSearch=true&searchBy=1&query=%EC%9A%B4%ED%95%B4&includeAll=&exclude=&include=&exact=&searchdate=all&media=1&sortBy=date&articleid=87746&referrerAllArticles=true,,2021.05.04.,2,
천태산 선물 운해~ 4/17,https://cafe.naver.com/windstopper/ArticleRead.nhn?clubid=10765317&page=4&userDisplay=50&inCafeSearch=true&searchBy=1&query=%EC%9A%B4%ED%95%B4&includeAll=&exclude=&include=&exact=&searchdate=all&media=1&sortBy=date&articleid=85592&referrerAllArticles=true,['천태산'],2021.04.17.,1,
오산 사성암 운해,https://cafe.naver.com/windstopper/ArticleRead.nhn?clubid=10765317&page=4&userDisplay=50&inCafeSearch=true&searchBy=1&query=%EC%9A%B4%ED%95%B4&includeAll=&exclude=&include=&exact=&searchdate=all&media=1&sortBy=date&articleid=84215&referrerAllArticles=true,['오산'],2021.04.06.,1,
북한산 운해에요 ~,https://cafe.naver.com/windstopper/ArticleRead.nhn?clubid=10765317&page=4&userDisplay=50&inCafeSearch=true&searchBy=1&query=%EC%9A%B4%ED%95%B4&includeAll=&exclude=&include=&exact=&searchdate=all&media=1&sortBy=date&articleid=82855&referrerAllArticles=true,['북한산'],2021.03.26.,1,
북한산 운해에요 ~,https://cafe.naver.com/windstopper/ArticleRead.nhn?clubid=10765317&page=4&userDisplay=50&inCafeSearch=true&searchBy=1&query=%EC%9A%B4%ED%95%B4&includeAll=&exclude=&include=&exact=&searchdate=all&media=1&sortBy=date&articleid=82854&referrerAllArticles=true,['북한산'],2021.03.26.,1,
북한산 운해에요 ~,https://cafe.naver.com/windstopper/ArticleRead.nhn?clubid=10765317&page=4&userDisplay=50&inCafeSearch=true&searchBy=1&query=%EC%9A%B4%ED%95%B4&includeAll=&exclude=&include=&exact=&searchdate=all&media=1&sortBy=date&articleid=82853&referrerAllArticles=true,['북한산'],2021.03.26.,2,
북한산 운해에요 ~,https://cafe.naver.com/windstopper/ArticleRead.nhn?clubid=10765317&page=4&userDisplay=50&inCafeSearch=true&searchBy=1&query=%EC%9A%B4%ED%95%B4&includeAll=&exclude=&include=&exact=&searchdate=all&media=1&sortBy=date&articleid=82851&referrerAllArticles=true,['북한산'],2021.03.26.,2,
북한산 문수봉에서 운해를 보다니요,https://cafe.naver.com/windstopper/ArticleRead.nhn?clubid=10765317&page=4&userDisplay=50&inCafeSearch=true&searchBy=1&query=%EC%9A%B4%ED%95%B4&includeAll=&exclude=&include=&exact=&searchdate=all&media=1&sortBy=date&articleid=81898&referrerAllArticles=true,['북한산'],2021.03.20.,1,
인생운해를 봤네요.,https://cafe.naver.com/windstopper/ArticleRead.nhn?clubid=10765317&page=4&userDisplay=50&inCafeSearch=true&searchBy=1&query=%EC%9A%B4%ED%95%B4&includeAll=&exclude=&include=&exact=&searchdate=all&media=1&sortBy=date&articleid=79462&referrerAllArticles=true,[‘일월산’],2021.02.28.,1,
운해는 강물 같이 흐르지만...,https://cafe.naver.com/windstopper/ArticleRead.nhn?clubid=10765317&page=5&userDisplay=50&inCafeSearch=true&searchBy=1&query=%EC%9A%B4%ED%95%B4&includeAll=&exclude=&include=&exact=&searchdate=all&media=1&sortBy=date&articleid=78747&referrerAllArticles=true,,2021.02.22.,2,
계방산 멋진 운해,https://cafe.naver.com/windstopper/ArticleRead.nhn?clubid=10765317&page=5&userDisplay=50&inCafeSearch=true&searchBy=1&query=%EC%9A%B4%ED%95%B4&includeAll=&exclude=&include=&exact=&searchdate=all&media=1&sortBy=date&articleid=75119&referrerAllArticles=true,['계방산'],2021.01.25.,1,
운해랑 상고대보는 팁이 있으신가요?,https://cafe.naver.com/windstopper/ArticleRead.nhn?clubid=10765317&page=5&userDisplay=50&inCafeSearch=true&searchBy=1&query=%EC%9A%B4%ED%95%B4&includeAll=&exclude=&include=&exact=&searchdate=all&media=1&sortBy=date&articleid=73784&referrerAllArticles=true,,2021.01.15.,2,
실시간 운해,https://cafe.naver.com/windstopper/ArticleRead.nhn?clubid=10765317&page=5&userDisplay=50&inCafeSearch=true&searchBy=1&query=%EC%9A%B4%ED%95%B4&includeAll=&exclude=&include=&exact=&searchdate=all&media=1&sortBy=date&articleid=70963&referrerAllArticles=true,,2020.12.21.,2,
밤에 달빛 비친 운해를 볼 수 있는 곳.........?,https://cafe.naver.com/windstopper/ArticleRead.nhn?clubid=10765317&page=5&userDisplay=50&inCafeSearch=true&searchBy=1&query=%EC%9A%B4%ED%95%B4&includeAll=&exclude=&include=&exact=&searchdate=all&media=1&sortBy=date&articleid=67440&referrerAllArticles=true,,2020.09.30.,2,
가야산 운해에 취하다,https://cafe.naver.com/windstopper/ArticleRead.nhn?clubid=10765317&page=5&userDisplay=50&inCafeSearch=true&searchBy=1&query=%EC%9A%B4%ED%95%B4&includeAll=&exclude=&include=&exact=&searchdate=all&media=1&sortBy=date&articleid=66026&referrerAllArticles=true,['가야산'],2020.07.23.,1,
지금이순간-가야산 운해와 솔나리,https://cafe.naver.com/windstopper/ArticleRead.nhn?clubid=10765317&page=5&userDisplay=50&inCafeSearch=true&searchBy=1&query=%EC%9A%B4%ED%95%B4&includeAll=&exclude=&include=&exact=&searchdate=all&media=1&sortBy=date&articleid=65939&referrerAllArticles=true,['가야산'],2020.07.18.,1,
남덕유산 운해,https://cafe.naver.com/windstopper/ArticleRead.nhn?clubid=10765317&page=5&userDisplay=50&inCafeSearch=true&searchBy=1&query=%EC%9A%B4%ED%95%B4&includeAll=&exclude=&include=&exact=&searchdate=all&media=1&sortBy=date&articleid=65697&referrerAllArticles=true,['남덕유산'],2020.07.05.,1,
영남알프스 9봉 완등과 산이 허락해준 일출과 운해,https://cafe.naver.com/windstopper/ArticleRead.nhn?clubid=10765317&page=5&userDisplay=50&inCafeSearch=true&searchBy=1&query=%EC%9A%B4%ED%95%B4&includeAll=&exclude=&include=&exact=&searchdate=all&media=1&sortBy=date&articleid=65039&referrerAllArticles=true,,2020.05.18.,2,
운해,https://cafe.naver.com/windstopper/ArticleRead.nhn?clubid=10765317&page=5&userDisplay=50&inCafeSearch=true&searchBy=1&query=%EC%9A%B4%ED%95%B4&includeAll=&exclude=&include=&exact=&searchdate=all&media=1&sortBy=date&articleid=61544&referrerAllArticles=true,,2019.07.07.,2,
멋진 운해를 볼수있던 북한산..,https://cafe.naver.com/windstopper/ArticleRead.nhn?clubid=10765317&page=5&userDisplay=50&inCafeSearch=true&searchBy=1&query=%EC%9A%B4%ED%95%B4&includeAll=&exclude=&include=&exact=&searchdate=all&media=1&sortBy=date&articleid=51880&referrerAllArticles=true,['북한산'],2017.04.08.,1,
만물상 첫눈 그리고 운해,https://cafe.naver.com/windstopper/ArticleRead.nhn?clubid=10765317&page=5&userDisplay=50&inCafeSearch=true&searchBy=1&query=%EC%9A%B4%ED%95%B4&includeAll=&exclude=&include=&exact=&searchdate=all&media=1&sortBy=date&articleid=50270&referrerAllArticles=true,[‘가야산’],2016.11.28.,1,
14번째 천왕봉일출 (운해 ~),https://cafe.naver.com/windstopper/ArticleRead.nhn?clubid=10765317&page=5&userDisplay=50&inCafeSearch=true&searchBy=1&query=%EC%9A%B4%ED%95%B4&includeAll=&exclude=&include=&exact=&searchdate=all&media=1&sortBy=date&articleid=49261&referrerAllArticles=true,[‘천왕봉’],2016.09.11.,1,
모산재 운해 일출,https://cafe.naver.com/windstopper/ArticleRead.nhn?clubid=10765317&page=5&userDisplay=50&inCafeSearch=true&searchBy=1&query=%EC%9A%B4%ED%95%B4&includeAll=&exclude=&include=&exact=&searchdate=all&media=1&sortBy=date&articleid=43000&referrerAllArticles=true,[‘모산재'],2015.09.20.,1,
지리산 운해,https://cafe.naver.com/windstopper/ArticleRead.nhn?clubid=10765317&page=5&userDisplay=50&inCafeSearch=true&searchBy=1&query=%EC%9A%B4%ED%95%B4&includeAll=&exclude=&include=&exact=&searchdate=all&media=1&sortBy=date&articleid=41376&referrerAllArticles=true,['지리산'],2015.06.23.,1,
와룡산 유성 과 철쭉 ..... 운해와 일출,https://cafe.naver.com/windstopper/ArticleRead.nhn?clubid=10765317&page=5&userDisplay=50&inCafeSearch=true&searchBy=1&query=%EC%9A%B4%ED%95%B4&includeAll=&exclude=&include=&exact=&searchdate=all&media=1&sortBy=date&articleid=40303&referrerAllArticles=true,['와룡산'],2015.05.02.,1,
지리산 운해 쓰나미,https://cafe.naver.com/windstopper/ArticleRead.nhn?clubid=10765317&page=5&userDisplay=50&inCafeSearch=true&searchBy=1&query=%EC%9A%B4%ED%95%B4&includeAll=&exclude=&include=&exact=&searchdate=all&media=1&sortBy=date&articleid=37944&referrerAllArticles=true,['지리산'],2015.01.26.,1,
25년만에 첫 운해,https://cafe.naver.com/windstopper/ArticleRead.nhn?clubid=10765317&page=5&userDisplay=50&inCafeSearch=true&searchBy=1&query=%EC%9A%B4%ED%95%B4&includeAll=&exclude=&include=&exact=&searchdate=all&media=1&sortBy=date&articleid=34262&referrerAllArticles=true,[‘설악산'],2014.08.15.,1,
장복산...그리고 운해,https://cafe.naver.com/windstopper/ArticleRead.nhn?clubid=10765317&page=5&userDisplay=50&inCafeSearch=true&searchBy=1&query=%EC%9A%B4%ED%95%B4&includeAll=&exclude=&include=&exact=&searchdate=all&media=1&sortBy=date&articleid=33723&referrerAllArticles=true,['장복산'],2014.07.26.,1,
지리산 장터목 일몰과 천왕봉 운해,https://cafe.naver.com/windstopper/ArticleRead.nhn?clubid=10765317&page=5&userDisplay=50&inCafeSearch=true&searchBy=1&query=%EC%9A%B4%ED%95%B4&includeAll=&exclude=&include=&exact=&searchdate=all&media=1&sortBy=date&articleid=23472&referrerAllArticles=true,['지리산'],2013.02.17.,1,
천왕봉의 운해,https://cafe.naver.com/windstopper/ArticleRead.nhn?clubid=10765317&page=5&userDisplay=50&inCafeSearch=true&searchBy=1&query=%EC%9A%B4%ED%95%B4&includeAll=&exclude=&include=&exact=&searchdate=all&media=1&sortBy=date&articleid=23455&referrerAllArticles=true,[‘천왕봉'],2013.02.17.,1,
null,null,,null,,
null,null,,null,,